ko,move,usage_pct
보만다,이판사판태클,81
보만다,용의춤,78.2
보만다,지진,75.6
보만다,날개쉬기,70.1
보만다,용성군,27.8
보만다,화염방사,17.3
보만다,불대문자,17.2
보만다,하이퍼보이스,16.7
보만다,역린,8.3
보만다,열불내기,7.8
한카리아스,지진,90.1
한카리아스,스텔스록,53.2
한카리아스,용성군,40.1
한카리아스,화염방사,36.5
한카리아스,드래곤테일,35.9
한카리아스,역린,34.6
한카리아스,대지의힘,34.5
한카리아스,암석봉인,26.4
한카리아스,파워젬,25.5
한카리아스,스케일샷,23.2
누리레느,문포스,100
누리레느,물거품아리아,96.4
누리레느,아쿠아제트,70.8
누리레느,앙코르,48.4
누리레느,명상,35.7
누리레느,퀵턴,19.5
누리레느,잠자기,12.1
누리레느,파도타기,5.3
누리레느,냉동빔,5.1
누리레느,미스트필드,4.6
갑주무사,만나자마자,81.4
갑주무사,아이언헤드,80.8
갑주무사,기습,55
갑주무사,유턴,50.1
갑주무사,드릴라이너,32.8
갑주무사,흡혈,28.5
갑주무사,인파이트,22.6
갑주무사,아쿠아제트,20.2
갑주무사,칼춤,18.9
갑주무사,벌크업,9.6
하마돈,지진,98.4
하마돈,하품,96.6
하마돈,스텔스록,94.2
하마돈,날려버리기,63.6
하마돈,게으름피우기,36.7
하마돈,방어,3.4
하마돈,울부짖기,2.8
하마돈,얼음엄니,2.6
하마돈,암석봉인,1.2
하마돈,땅가르기,0.4
루카리오,나쁜음모,84.1
루카리오,파동탄,82.6
루카리오,악의파동,78.8
루카리오,러스터캐논,78.5
루카리오,진공파,34.6
루카리오,철제광선,21.3
루카리오,인파이트,5.9
루카리오,기합구슬,5.1
루카리오,칼춤,4.9
루카리오,코멧펀치,4.2
드닐레이브,지진,91.7
드닐레이브,얼음뭉치,88.4
드닐레이브,대검돌격,77.5
드닐레이브,고드름떨구기,44.2
드닐레이브,칼춤,35.5
드닐레이브,용의춤,33.8
드닐레이브,고드름침,19.1
드닐레이브,번개엄니,4
드닐레이브,아이언헤드,3.1
드닐레이브,스케일샷,2.4
브리두라스,러스터캐논,77.7
브리두라스,용성군,76.2
브리두라스,10만볼트,66.2
브리두라스,스텔스록,62.5
브리두라스,울부짖기,29.4
브리두라스,드래곤테일,25
브리두라스,파동탄,21.3
브리두라스,일렉트로빔,18.7
브리두라스,악의파동,12.6
브리두라스,용의파동,10.4
타부자고,섀도볼,100
타부자고,골드러시,100
타부자고,나쁜음모,92.3
타부자고,HP회복,69
타부자고,10만볼트,3.4
타부자고,트릭,10
타부자고,기합구슬,4.1
타부자고,파워젬,4.1
타부자고,대타출동,3.7
타부자고,러스터캐논,3.3
따라큐,치근거리기,99.6
따라큐,야습,98.1
따라큐,칼춤,83.7
따라큐,섀도클로,66.1
따라큐,저주,17.8
따라큐,우드해머,14
따라큐,드레인펀치,7.4
따라큐,트릭룸,5.6
따라큐,방어,3.9
따라큐,도깨비불,3.8
고릴타,그래스슬라이더,100
고릴타,탁쳐서떨구기,70.1
고릴타,유턴,63.7
고릴타,10만마력,55.6
고릴타,드럼어택,41.6
고릴타,우드해머,28.6
고릴타,도발,11.7
고릴타,씨뿌리기,11.7
고릴타,칼춤,10.4
고릴타,엄청난힘,5.5
킬가르도,야습,97.9
킬가르도,킹실드,81.3
킬가르도,폴터가이스트,53.3
킬가르도,섀도볼,45.5
킬가르도,성스러운칼,37.1
킬가르도,칼춤,28.1
킬가르도,러스터캐논,21.5
킬가르도,인파이트,15.9
킬가르도,아이언헤드,14.2
킬가르도,철제광선,5.3
마스카나,트릭플라워,100
마스카나,트리플악셀,93.9
마스카나,탁쳐서떨구기,66.8
마스카나,유턴,66.4
마스카나,기습,27.5
마스카나,번개펀치,12.9
마스카나,독압정,11
마스카나,지옥찌르기,7.9
마스카나,치근거리기,6.1
마스카나,안다리걸기,4.8
갸라도스,파워휩,70.4
갸라도스,폭포오르기,59
갸라도스,눈사태,55.7
갸라도스,도발,51.6
갸라도스,지진,46.4
갸라도스,열불내기,42
갸라도스,용의춤,33.8
갸라도스,얼음엄니,28.8
갸라도스,전기자석파,6.6
갸라도스,깨물어부수기,5.7
아머까오,날개쉬기,100
아머까오,유턴,72
아머까오,바디프레스,59.3
아머까오,철벽,56.2
아머까오,브레이브버드,35.8
아머까오,벌크업,28.6
아머까오,아이언헤드,24.6
아머까오,저주,10
아머까오,도발,6.5
아머까오,대타출동,5
킬라플로르,파워젬,85.1
킬라플로르,대지의힘,72.4
킬라플로르,오물웨이브,63.9
킬라플로르,스텔스록,44.1
킬라플로르,에너지볼,37.9
킬라플로르,매지컬샤인,26.2
킬라플로르,킬러스핀,20.4
킬라플로르,머드샷,19.3
킬라플로르,오물폭탄,15.6
킬라플로르,니들가드,15.2
대쓰여너,성묘,100
대쓰여너,웨이브태클,99.4
대쓰여너,아쿠아제트,94.1
대쓰여너,퀵턴,79
대쓰여너,고속이동,10.2
대쓰여너,얼음엄니,4.3
대쓰여너,양날박치기,3.1
대쓰여너,사이코팽,3.1
대쓰여너,대타출동,2.7
대쓰여너,방어,2.1
리자몽,솔라빔,79.7
리자몽,화염방사,55.5
리자몽,에어슬래시,52.3
리자몽,플레어드라이브,48.9
리자몽,니트로차지,38.1
리자몽,역린,28.4
리자몽,용의춤,27.6
리자몽,오버히트,23.5
리자몽,번개펀치,23.2
리자몽,날개쉬기,22.6
포푸니크,인파이트,100
포푸니크,페이탈클로,99.7
포푸니크,칼춤,57.9
포푸니크,지옥찌르기,53.3
포푸니크,속이기,36.3
포푸니크,애크러뱃,17.6
포푸니크,불꽃펀치,17.1
포푸니크,섀도클로,7.3
포푸니크,유턴,4.9
포푸니크,스톤샤워,3.7
개굴닌자,냉동빔,99.5
개굴닌자,악의파동,87
개굴닌자,오물웨이브,81.8
개굴닌자,물수리검,44.2
개굴닌자,파도타기,38.5
개굴닌자,풀묶기,15.7
개굴닌자,독압정,10.4
개굴닌자,머드샷,9.5
개굴닌자,하이드로펌프,8.4
개굴닌자,유턴,4.9
에이스번,화염볼,100
에이스번,무릎차기,92
에이스번,더스트슈트,78.2
에이스번,유턴,56.4
에이스번,기습,49.3
에이스번,아이언헤드,10.2
에이스번,코트체인지,3.8
에이스번,사념의박치기,3
에이스번,카운터,2.5
에이스번,도깨비불,2.5
알로라 나인테일,오로라베일,99.5
알로라 나인테일,프리즈드라이,82.1
알로라 나인테일,앙코르,77
알로라 나인테일,눈보라,62.4
알로라 나인테일,문포스,48.7
알로라 나인테일,미스트필드,20.8
알로라 나인테일,아픔나누기,4.4
알로라 나인테일,얼음뭉치,1.9
알로라 나인테일,나쁜음모,1.9
알로라 나인테일,악의파동,1.3
에써르(수컷),와이드포스,100
에써르(수컷),매지컬플레임,83.8
에써르(수컷),매지컬샤인,75.5
에써르(수컷),앙코르,53.6
에써르(수컷),트릭,38.4
에써르(수컷),치유소원,17.5
에써르(수컷),섀도볼,16.1
에써르(수컷),하이퍼보이스,4.7
에써르(수컷),트릭룸,4.1
에써르(수컷),에너지볼,4
워시로토무,하이드로펌프,100
워시로토무,볼트체인지,91.5
워시로토무,도깨비불,86
워시로토무,10만볼트,45.6
워시로토무,아픔나누기,38.1
워시로토무,트릭,13.9
워시로토무,빛의장막,9.5
워시로토무,방전,6
워시로토무,나쁜음모,4.2
워시로토무,속임수,3.9
불카모스,나비춤,98.9
불카모스,기가드레인,81.2
불카모스,불꽃춤,80
불카모스,아침햇살,59.9
불카모스,벌레의야단법석,31.2
불카모스,도깨비불,14.9
불카모스,매지컬플레임,11.1
불카모스,사이코키네시스,10.9
불카모스,화염방사,9.6
불카모스,대타출동,2.4
빠르모트,전광쌍격,95.2
빠르모트,회생의기도,93.2
빠르모트,냉동펀치,66.6
빠르모트,인파이트,59.7
빠르모트,마하펀치,52.5
빠르모트,볼부비부비,15
빠르모트,불꽃펀치,6.5
빠르모트,앙코르,4.8
빠르모트,속이기,4.3
빠르모트,번개펀치,2.1
라우드본,플레어송,100
라우드본,게으름피우기,95.1
라우드본,도깨비불,81.2
라우드본,섀도볼,55.9
라우드본,병상첨병,35.5
라우드본,하품,15.1
라우드본,대지의힘,4.8
라우드본,매혹의보이스,4.1
라우드본,방어,4.1
라우드본,불사르기,2.7
삼삼드래,악의파동,100
삼삼드래,용성군,98.5
삼삼드래,유턴,83.5
삼삼드래,화염방사,76.3
삼삼드래,불대문자,18.4
삼삼드래,러스터캐논,6
삼삼드래,대지의힘,4.7
삼삼드래,도발,4.1
삼삼드래,나쁜음모,3.9
삼삼드래,스텔스록,2.8
메타그로스,불릿펀치,93.8
메타그로스,사이코팽,82.8
메타그로스,냉동펀치,67.4
메타그로스,지진,50.7
메타그로스,번개펀치,27.6
메타그로스,아이언헤드,19.9
메타그로스,바디프레스,17.5
메타그로스,철벽,16.1
메타그로스,암해머,14.5
메타그로스,코멧펀치,9.6
망나뇽,화염방사,68.7
망나뇽,용성군,60.4
망나뇽,신속,51.5
망나뇽,날개쉬기,51
망나뇽,에어슬래시,48.5
망나뇽,10만볼트,43.9
망나뇽,용의파동,26.5
망나뇽,지진,19.9
망나뇽,용의춤,17.1
망나뇽,냉동빔,12.6
님피아,하이퍼보이스,100
님피아,하품,85.3
님피아,희망사항,71.6
님피아,방어,66.4
님피아,매지컬플레임,30.8
님피아,전광석화,21
님피아,명상,7
님피아,파괴광선,5.9
님피아,판별,5.7
님피아,섀도볼,5.1
히트로토무,오버히트,100
히트로토무,볼트체인지,89.5
히트로토무,도깨비불,68.2
히트로토무,10만볼트,48.9
히트로토무,트릭,38.3
히트로토무,아픔나누기,16.8
히트로토무,나쁜음모,11.8
히트로토무,방전,10.8
히트로토무,대타출동,6.9
히트로토무,빛의장막,6.2
거북왕,껍질깨기,92.2
거북왕,파동탄,85.3
거북왕,악의파동,82.2
거북왕,대지의파동,70.1
거북왕,물의파동,28.2
거북왕,냉동빔,24.5
거북왕,용의파동,6.7
거북왕,해수스파우팅,4.2
거북왕,파도타기,3.4
거북왕,아쿠아제트,3.2
대도각참,기습,100
대도각참,도각참,97.8
대도각참,아이언헤드,78.7
대도각참,칼춤,65.3
대도각참,메탈버스트,22.9
대도각참,가위자르기,17.8
대도각참,깨트리기,7
대도각참,안다리걸기,6.7
대도각참,방어,2.4
대도각참,독찌르기,0.8
팬텀,섀도볼,94
팬텀,오물웨이브,77.1
팬텀,길동무,62.6
팬텀,방어,60.8
팬텀,멸망의노래,37.7
팬텀,얼어붙은바람,27.7
팬텀,병상첨병,12.3
팬텀,기합구슬,10.4
팬텀,도깨비불,10
팬텀,나쁜음모,7.4
마폭시,화염방사,76.8
마폭시,사이코키네시스,60.3
마폭시,나쁜음모,58.3
마폭시,매지컬샤인,47.8
마폭시,대타출동,41.4
마폭시,사이코쇼크,38.4
마폭시,앙코르,27.2
마폭시,매지컬플레임,18.1
마폭시,방어,17.2
마폭시,오버히트,14.5
엠페르트,파도타기,72.1
엠페르트,스텔스록,68
엠페르트,하품,63.4
엠페르트,냉동빔,62.2
엠페르트,퀵턴,45.9
엠페르트,진공파,31.9
엠페르트,러스터캐논,31.3
엠페르트,날개쉬기,11.6
엠페르트,하이드로펌프,7.5
엠페르트,풀묶기,6
번치코,플레어드라이브,95.7
번치코,인파이트,74.2
번치코,번개펀치,50.3
번치코,칼춤,46.9
번치코,방어,45.8
번치코,판별,35.9
번치코,무릎차기,22
번치코,배턴터치,10.9
번치코,스톤에지,10.8
번치코,지진,7.5
대짱이,지진,100
대짱이,웨이브태클,74.3
대짱이,냉동펀치,73
대짱이,퀵턴,67.9
대짱이,스텔스록,29.7
대짱이,하품,27.1
대짱이,방어,7.5
대짱이,울부짖기,6.8
대짱이,독찌르기,6.2
대짱이,벌크업,6
라이츄,전자포,100
라이츄,기합구슬,100
라이츄,풀묶기,72.7
라이츄,대타출동,29.6
라이츄,나쁜음모,22.6
라이츄,볼트체인지,15.9
라이츄,속이기,15.8
라이츄,앙코르,13.7
라이츄,매혹의보이스,13.7
라이츄,방어,5.7
블래키,속임수,99.2
블래키,희망사항,83.3
블래키,방어,83
블래키,하품,55.7
블래키,맹독,44
블래키,달빛,17.8
블래키,판별,6.9
블래키,도발,4
블래키,바크아웃,3.5
블래키,배턴터치,2.5
다크펫,길동무,100
다크펫,폴터가이스트,98.8
다크펫,앙코르,75
다크펫,야습,68.6
다크펫,도발,18.8
다크펫,도깨비불,16
다크펫,더스트슈트,10.6
다크펫,트릭룸,4.2
다크펫,기습,4.1
다크펫,섀도클로,2.5
더시마사리,HP회복,100
더시마사리,맹독,97
더시마사리,흑안개,61.6
더시마사리,엉겨붙기,49.3
더시마사리,토치카,44.9
더시마사리,아쿠아브레이크,26.5
더시마사리,독압정,12.6
더시마사리,찬물끼얹기,4
더시마사리,보복,2.4
더시마사리,방어,1.8
핫삼,불릿펀치,100
핫삼,칼춤,64.2
핫삼,유턴,62.8
핫삼,날개쉬기,57.5
핫삼,탁쳐서떨구기,40.7
핫삼,인파이트,37.6
핫삼,더블윙,10.5
핫삼,저주,9.4
핫삼,안개제거,7.4
핫삼,벌레먹기,5.5
오롱털,리플렉터,86.8
오롱털,빛의장막,85.5
오롱털,소울크래시,71.2
오롱털,막말내뱉기,70.1
오롱털,도발,38.2
오롱털,속임수,19.6
오롱털,기습,12.9
오롱털,속이기,10
오롱털,치근거리기,4
오롱털,벌크업,1.7
픽시,문포스,91.7
픽시,달빛,89.4
픽시,코스믹파워,55.8
픽시,화염방사,54.2
픽시,명상,37.4
픽시,어시스트파워,30.9
픽시,매지컬플레임,11
픽시,스텔스록,11
픽시,배턴터치,10.5
픽시,전기자석파,8.1
카디나르마,아머캐논,100
카디나르마,와이드포스,91.2
카디나르마,길동무,68.1
카디나르마,파동탄,38.6
카디나르마,버티기,26.5
카디나르마,명상,17.9
카디나르마,사이코필드,16.9
카디나르마,사이코키네시스,12.5
카디나르마,에너지볼,12.1
카디나르마,기합구슬,10.3
앱솔,기습,94.3
앱솔,인파이트,68.7
앱솔,탁쳐서떨구기,55
앱솔,칼춤,51.2
앱솔,냉동빔,30.6
앱솔,스톤에지,26.2
앱솔,깜짝베기,25.6
앱솔,치근거리기,23.2
앱솔,사이코커터,13.7
앱솔,도깨비불,11.6
찌리배리,물붓기,93.7
찌리배리,게으름피우기,93.4
찌리배리,볼트체인지,81.9
찌리배리,맹독,78
찌리배리,파라볼라차지,48.9
찌리배리,기습,1.9
찌리배리,방어,1.2
찌리배리,10만볼트,0.4
찌리배리,머드샷,0.4
찌리배리,애시드봄,0.3
맘모꾸리,지진,100
맘모꾸리,얼음뭉치,100
맘모꾸리,고드름침,49.3
맘모꾸리,고드름떨구기,36.9
맘모꾸리,죽기살기,36
맘모꾸리,스텔스록,32.4
맘모꾸리,암석봉인,26
맘모꾸리,스톤샤워,7
맘모꾸리,스톤에지,5.6
맘모꾸리,탁쳐서떨구기,2.8
파라블레이즈,원념의칼,96.7
파라블레이즈,야습,95.4
파라블레이즈,폴터가이스트,80.2
파라블레이즈,칼춤,65.8
파라블레이즈,인파이트,40.7
파라블레이즈,길동무,10.5
파라블레이즈,벌크업,5
파라블레이즈,섀도클로,2.3
파라블레이즈,고스트다이브,1.8
파라블레이즈,도깨비불,1.7
패리퍼,폭풍,100
패리퍼,유턴,88.7
패리퍼,냉동빔,57.6
패리퍼,파도타기,50.5
패리퍼,웨더볼,47.2
패리퍼,순풍,16.1
패리퍼,날개쉬기,15.9
패리퍼,하이드로펌프,8.6
패리퍼,전광석화,8.3
패리퍼,비바라기,5.7
찌르호크,인파이트,98.9
찌르호크,브레이브버드,97.4
찌르호크,날개쉬기,81.7
찌르호크,블레이즈킥,49.4
찌르호크,유턴,22.8
찌르호크,목숨걸기,17.4
찌르호크,대타출동,11
찌르호크,이판사판태클,7.6
찌르호크,날려버리기,7.2
찌르호크,벌크업,6.7
대검귀,비검천중파,100
대검귀,성스러운칼,94.5
대검귀,기습,73.9
대검귀,셸블레이드,46
대검귀,아쿠아커터,24.3
대검귀,퀵턴,21
대검귀,칼춤,20
대검귀,앙코르,7.8
대검귀,아쿠아제트,5.7
대검귀,냉동빔,5.7
마기라스,탁쳐서떨구기,97.2
마기라스,스텔스록,71.2
마기라스,스톤에지,50.2
마기라스,냉동펀치,47
마기라스,지진,35.1
마기라스,암석봉인,27.4
마기라스,울부짖기,22.9
마기라스,록블라스트,18.3
마기라스,용의춤,15.9
마기라스,엄청난힘,14.9
이어롭,트리플악셀,78
이어롭,인파이트,70.9
이어롭,속이기,69.3
이어롭,마하펀치,59.7
이어롭,칼춤,34.8
이어롭,무릎차기,33.5
이어롭,냉동펀치,16.4
이어롭,유턴,16.4
이어롭,번개펀치,11.9
이어롭,기가임팩트,9
플라엣테,문포스,96.5
플라엣테,명상,87.9
플라엣테,드레인키스,49.3
플라엣테,광합성,44.2
플라엣테,파멸의빛,41.6
플라엣테,사이코키네시스,31.4
플라엣테,애교부리기,27.4
플라엣테,트릭,11
플라엣테,대타출동,8.1
플라엣테,미스트필드,2.5
배바닐라,프리즈드라이,92.8
배바닐라,눈보라,88.4
배바닐라,얼음뭉치,78.6
배바닐라,오로라베일,59.4
배바닐라,도발,44.5
배바닐라,절대영도,19.6
배바닐라,대폭발,6.8
배바닐라,미러코트,6.4
배바닐라,러스터캐논,2.2
배바닐라,얼음숨결,1.2
드래펄트,섀도볼,66.2
드래펄트,용성군,61.1
드래펄트,드래곤애로,47
드래펄트,화염방사,44.5
드래펄트,유턴,43.9
드래펄트,10만볼트,34.3
드래펄트,도깨비불,27.8
드래펄트,고스트다이브,25.4
드래펄트,불대문자,25.1
드래펄트,저주,24.8
입치트,치근거리기,100
입치트,기습,99
입치트,칼춤,55.3
입치트,번개펀치,32
입치트,아이언헤드,31.8
입치트,불꽃엄니,28.9
입치트,탁쳐서떨구기,21.8
입치트,사이코팽,18.6
입치트,냉동펀치,7.5
입치트,깨트리기,5.1
메가니움,웨더볼,99.7
메가니움,매지컬샤인,91.5
메가니움,솔라빔,78.6
메가니움,광합성,69.9
메가니움,대타출동,33.8
메가니움,대지의힘,10.3
메가니움,개척하기,9.6
메가니움,방어,3.2
메가니움,원시의힘,2.1
메가니움,씨뿌리기,1.2
메타몽,변신,100
이상해꽃,대지의힘,86.3
이상해꽃,기가드레인,68.6
이상해꽃,광합성,65.1
이상해꽃,오물폭탄,61.6
이상해꽃,씨뿌리기,52.8
이상해꽃,오물웨이브,24.8
이상해꽃,웨더볼,11
이상해꽃,수면가루,10.9
이상해꽃,맹독,10.3
이상해꽃,성장,8.6
밀로틱,열탕,100
밀로틱,HP회복,99.4
밀로틱,냉동빔,73.8
밀로틱,미러코트,69.6
밀로틱,흑안개,33
밀로틱,퀵턴,7.4
밀로틱,똬리틀기,4.9
밀로틱,최면술,4.5
밀로틱,얼어붙은바람,4
밀로틱,매혹의보이스,3.4
스코빌런,방어,91.8
스코빌런,씨뿌리기,89.7
스코빌런,기가드레인,71.6
스코빌런,화염방사,63.7
스코빌런,리프스톰,27.9
스코빌런,질투의불꽃,23.6
스코빌런,대타출동,14.7
스코빌런,회오리불꽃,6.6
스코빌런,분노의앞니,5.3
스코빌런,오버히트,5.1
아쿠스타,아쿠아제트,89.9
아쿠스타,아쿠아브레이크,83.2
아쿠스타,아이스스피너,81.5
아쿠스타,퀵턴,62.6
아쿠스타,사념의박치기,32
아쿠스타,사이코커터,28.8
아쿠스타,폭포오르기,5.9
아쿠스타,냉동빔,5.9
아쿠스타,고속스핀,5.2
아쿠스타,작아지기,5.1
몰드류,지진,100
몰드류,아이언헤드,100
몰드류,스톤샤워,76.7
몰드류,칼춤,35.8
몰드류,뿔드릴,34.4
몰드류,암석봉인,13.5
몰드류,고속스핀,10.1
몰드류,깨트리기,7.9
몰드류,스텔스록,7
몰드류,록블라스트,6.5
조로아크(히스이),천추지한,88
조로아크(히스이),얼어붙은바람,66
조로아크(히스이),화염방사,56.7
조로아크(히스이),섀도볼,39.6
조로아크(히스이),기합구슬,31.9
조로아크(히스이),야습,26.2
조로아크(히스이),도발,26.1
조로아크(히스이),하이퍼보이스,22.9
조로아크(히스이),오물폭탄,21.7
조로아크(히스이),도깨비불,20.9
미끄래곤(히스이),용성군,64
미끄래곤(히스이),화염방사,60.1
미끄래곤(히스이),러스터캐논,52.5
미끄래곤(히스이),헤비봄버,43
미끄래곤(히스이),10만볼트,35.1
미끄래곤(히스이),드래곤테일,33.3
미끄래곤(히스이),농성,31.3
미끄래곤(히스이),애시드봄,30.5
미끄래곤(히스이),바디프레스,29.7
미끄래곤(히스이),냉동빔,20.6
잠만보,지진,75.1
잠만보,땅가르기,57
잠만보,하품,53.4
잠만보,냉동펀치,52.6
잠만보,잠자기,45.7
잠만보,떨어뜨리기,32.6
잠만보,자폭,25
잠만보,누르기,21.5
잠만보,카운터,19.5
잠만보,히트스탬프,17.6
무장조,날개쉬기,72.5
무장조,스텔스록,57.6
무장조,날려버리기,46.8
무장조,바디프레스,43.9
무장조,아이언헤드,37.7
무장조,브레이브버드,37
무장조,철벽,31
무장조,칼춤,27.2
무장조,드릴라이너,25.8
무장조,압정뿌리기,20.5
클레스퍼트라,루미나콜리전,93.6
클레스퍼트라,방어,87.8
클레스퍼트라,배턴터치,60.3
클레스퍼트라,매지컬샤인,51.7
클레스퍼트라,명상,49.4
클레스퍼트라,섀도볼,34.5
클레스퍼트라,대타출동,7.7
클레스퍼트라,에너지볼,6.1
클레스퍼트라,어시스트파워,5
클레스퍼트라,리플렉터,4
창파나이트,스타어설트,91
창파나이트,리프블레이드,89.9
창파나이트,만나자마자,63.5
창파나이트,인파이트,47.1
창파나이트,깜짝베기,35.1
창파나이트,전광석화,23.5
창파나이트,페인트,16.5
창파나이트,브레이브버드,13.1
창파나이트,탁쳐서떨구기,10.5
창파나이트,칼춤,9.8
우츠보트,힘흡수,100
우츠보트,기가드레인,88.6
우츠보트,기습,81.3
우츠보트,오물폭탄,67.6
우츠보트,앙코르,16.3
우츠보트,오물웨이브,13.2
우츠보트,탁쳐서떨구기,10.9
우츠보트,독찌르기,8.1
우츠보트,독압정,6.9
우츠보트,맹독,5.6
가라르야도킹,게으름피우기,66.4
가라르야도킹,화염방사,61
가라르야도킹,썰렁개그,55.7
가라르야도킹,맹독,51.1
가라르야도킹,오물폭탄,45.2
가라르야도킹,사이코노이즈,32.6
가라르야도킹,냉동빔,29.4
가라르야도킹,명상,23.3
가라르야도킹,사이코키네시스,20.5
가라르야도킹,오물웨이브,14.7
깜까미,속임수,78.7
깜까미,앙코르,73.1
깜까미,도깨비불,67.5
깜까미,빛의장막,55.2
깜까미,리플렉터,45.7
깜까미,HP회복,43.4
깜까미,도발,13.4
깜까미,메탈버스트,9.1
깜까미,사슬묶기,7.6
깜까미,명상,6.3
엘풍,문포스,98.5
엘풍,앙코르,80.2
엘풍,순풍,54.2
엘풍,씨뿌리기,41
엘풍,죽기살기,32.8
엘풍,추억의선물,28.2
엘풍,대타출동,24.8
엘풍,도발,16
엘풍,코튼가드,14.5
엘풍,에너지볼,9.8
저승갓숭,분노의주먹,100
저승갓숭,드레인펀치,89.4
저승갓숭,벌크업,79.6
저승갓숭,도발,70.4
저승갓숭,스텔스록,19.7
저승갓숭,냉동펀치,15.1
저승갓숭,앙코르,10.4
저승갓숭,암석봉인,5.3
저승갓숭,인파이트,4.8
저승갓숭,불꽃펀치,4
스트린더(하이),오버드라이브,100
스트린더(하이),폭음파,96
스트린더(하이),오물웨이브,55.3
스트린더(하이),볼부비부비,42.7
스트린더(하이),볼트체인지,30.9
스트린더(하이),사이코노이즈,18.3
스트린더(하이),도발,15.3
스트린더(하이),맹독,12.6
스트린더(하이),앙코르,12.4
스트린더(하이),병상첨병,11.7
샤미드,희망사항,87.7
샤미드,퀵턴,75.9
샤미드,하품,67.8
샤미드,방어,66.9
샤미드,열탕,37.7
샤미드,냉동빔,28.5
샤미드,명상,12.7
샤미드,녹기,11.1
샤미드,배턴터치,7.8
샤미드,파도타기,3.9
사마자르,암석액스,100
사마자르,시저크로스,75.8
사마자르,인파이트,67.9
사마자르,깜짝베기,49.7
사마자르,유턴,30.6
사마자르,페인트,21.7
사마자르,전광석화,13.3
사마자르,순풍,12.5
사마자르,깨트리기,11.2
사마자르,카운터,10.3
인텔리레온,노려맞히기,100
인텔리레온,냉동빔,98.5
인텔리레온,진공파,58.5
인텔리레온,기충전,57.9
인텔리레온,악의파동,26.2
인텔리레온,에어커터,15.5
인텔리레온,아쿠아제트,12
인텔리레온,섀도볼,9.3
인텔리레온,에어슬래시,8.7
인텔리레온,퀵턴,8.2
깨비물거미,끈적끈적네트,97.6
깨비물거미,미러코트,86.4
깨비물거미,아쿠아브레이크,79.2
깨비물거미,파도타기,31.4
깨비물거미,흡혈,30.3
깨비물거미,냉동빔,20.2
깨비물거미,죽기살기,15.7
깨비물거미,덤벼들기,15.3
깨비물거미,얼어붙은바람,12.6
깨비물거미,달려들기,11.3
가디안,진공파,89.9
가디안,하이퍼보이스,64.6
가디안,문포스,52.4
가디안,사이코키네시스,39.4
가디안,10만볼트,37.4
가디안,매지컬플레임,30.3
가디안,사이코노이즈,23.9
가디안,사이코쇼크,23.7
가디안,트릭룸,19.8
가디안,치유소원,18.6
왕구리,냉동빔,80.5
왕구리,웨더볼,80.5
왕구리,앙코르,54.6
왕구리,멸망의노래,42.4
왕구리,대지의힘,37.6
왕구리,파도타기,31.1
왕구리,방어,25.1
왕구리,최면술,18.7
왕구리,얼어붙은바람,15.2
왕구리,사이코키네시스,14.2
엘레이드,성스러운칼,100
엘레이드,사이코커터,92
엘레이드,리프블레이드,86.2
엘레이드,야습,68.3
엘레이드,트리플악셀,19.8
엘레이드,깜짝베기,13.7
엘레이드,섀도클로,6.6
엘레이드,칼춤,6.1
엘레이드,드레인펀치,3.4
엘레이드,지진,3
브리무음,트릭룸,74.4
브리무음,매지컬플레임,66.5
브리무음,사이코키네시스,51.4
브리무음,드레인키스,50
브리무음,미스트버스트,37.9
브리무음,명상,37
브리무음,매지컬샤인,29.9
브리무음,사이코노이즈,19
브리무음,기가드레인,18.7
브리무음,배턴터치,15.2
눈여아,눈보라,100
눈여아,섀도볼,90.9
눈여아,10만볼트,69.5
눈여아,오로라베일,44.3
눈여아,얼음뭉치,43.8
눈여아,길동무,17.7
눈여아,나쁜음모,12.2
눈여아,도깨비불,9.3
눈여아,도발,7.3
눈여아,병상첨병,3.9
어흥염,막말내뱉기,92.2
어흥염,플레어드라이브,86.1
어흥염,DD래리어트,82.4
어흥염,도깨비불,44.6
어흥염,속이기,41.2
어흥염,도발,19.1
어흥염,드레인펀치,10.2
어흥염,지옥찌르기,10.2
어흥염,잠자기,7.4
어흥염,인파이트,6.8
마릴리,아쿠아제트,99.6
마릴리,치근거리기,96.8
마릴리,아쿠아브레이크,66.5
마릴리,배북,59.8
마릴리,엄청난힘,30.2
마릴리,탁쳐서떨구기,13
마릴리,멸망의노래,10
마릴리,방어,8.6
마릴리,바다회오리,7.7
마릴리,앙코르,7.6
올리르바,기가드레인,84.3
올리르바,대지의힘,66.6
올리르바,힘흡수,59.9
올리르바,씨뿌리기,55.7
올리르바,앙코르,38
올리르바,미러코트,31.2
올리르바,추억의선물,24.9
올리르바,매혹의보이스,16.4
올리르바,방어,15.1
올리르바,하이퍼보이스,7.8
스트린더(로우),오버드라이브,100
스트린더(로우),폭음파,93.1
스트린더(로우),오물웨이브,47.4
스트린더(로우),볼부비부비,34.3
스트린더(로우),볼트체인지,31.6
스트린더(로우),사이코노이즈,23.1
스트린더(로우),독압정,18.1
스트린더(로우),오물폭탄,18
스트린더(로우),앙코르,15.5
스트린더(로우),도발,15.3
펜드라,칼춤,66.7
펜드라,지진,63.2
펜드라,흡혈,52.6
펜드라,배턴터치,50.2
펜드라,방어,40.5
펜드라,독찌르기,37.9
펜드라,철벽,37.9
펜드라,대타출동,23
펜드라,더스트슈트,18.8
펜드라,스톤샤워,9.2
화염레오,화염방사,100
화염레오,오버히트,88.7
화염레오,하품,69.3
화염레오,방어,43.8
화염레오,하이퍼보이스,32.8
화염레오,열사의대지,17
화염레오,대타출동,12
화염레오,니트로차지,11
화염레오,도깨비불,11
화염레오,악의파동,11
윈디(히스이),플레어드라이브,100
윈디(히스이),양날박치기,97.6
윈디(히스이),신속,72.5
윈디(히스이),와일드볼트,49.5
윈디(히스이),인파이트,35.3
윈디(히스이),스텔스록,17
윈디(히스이),도깨비불,9
윈디(히스이),역린,7.3
윈디(히스이),사이코팽,5.2
윈디(히스이),아침햇살,3.7
캥카,지진,79
캥카,냉동펀치,71
캥카,기습,65.3
캥카,속이기,60.9
캥카,누르기,39
캥카,이판사판태클,31
캥카,불꽃펀치,21.9
캥카,드레인펀치,15.5
캥카,비장의무기,10.1
캥카,번개펀치,6.4
꿈트렁,꼬리자르기,94
꿈트렁,바디프레스,86
꿈트렁,스텔스록,68.6
꿈트렁,헤비봄버,47.5
꿈트렁,철벽,42.2
꿈트렁,메탈버스트,31.8
꿈트렁,암석봉인,11.7
꿈트렁,아이언헤드,7.3
꿈트렁,지진,5.5
꿈트렁,잠자기,5.2
에써르(암컷),매지컬플레임,73.4
에써르(암컷),치유소원,68.3
에써르(암컷),사이코키네시스,54.9
에써르(암컷),트릭룸,54.9
에써르(암컷),대지의파동,44.9
에써르(암컷),매혹의보이스,31.5
에써르(암컷),리플렉터,24.9
에써르(암컷),빛의장막,20.3
에써르(암컷),배턴터치,13.4
에써르(암컷),매지컬샤인,13.3
후딘,사이코키네시스,89.6
후딘,섀도볼,64.2
후딘,매지컬샤인,57
후딘,기합구슬,55.9
후딘,나쁜음모,40.8
후딘,에너지볼,36.1
후딘,앙코르,23.1
후딘,와이드포스,12.4
후딘,대타출동,12.4
후딘,사이코쇼크,8.3
드래캄,용성군,96.5
드래캄,퀵턴,95
드래캄,맹독,56.9
드래캄,오물웨이브,38.9
드래캄,독압정,32.1
드래캄,오물폭탄,28.7
드래캄,10만볼트,24.8
드래캄,열탕,10.7
드래캄,섀도볼,9
드래캄,기합구슬,7.5