setup_ko,setup_move,atk_mul,target_ko,turns_after_1_setup
보만다,용의춤,1.5,한카리아스,2
보만다,용의춤,1.5,누리레느,4
보만다,용의춤,1.5,갑주무사,3
보만다,용의춤,1.5,하마돈,3
보만다,용의춤,1.5,루카리오,3
보만다,용의춤,1.5,드닐레이브,2
보만다,용의춤,1.5,브리두라스,3
보만다,용의춤,1.5,타부자고,3
보만다,용의춤,1.5,따라큐,4
보만다,용의춤,1.5,고릴타,3
보만다,용의춤,1.5,킬가르도,3
보만다,용의춤,1.5,마스카나,3
보만다,용의춤,1.5,갸라도스,3
보만다,용의춤,1.5,아머까오,4
보만다,용의춤,1.5,킬라플로르,2
보만다,용의춤,1.5,대쓰여너,3
보만다,용의춤,1.5,리자몽,3
보만다,용의춤,1.5,포푸니크,3
보만다,용의춤,1.5,개굴닌자,3
보만다,용의춤,1.5,에이스번,3
보만다,용의춤,1.5,알로라 나인테일,3
보만다,용의춤,1.5,에써르(수컷),2
보만다,용의춤,1.5,워시로토무,3
보만다,용의춤,1.5,불카모스,3
보만다,용의춤,1.5,빠르모트,3
보만다,용의춤,1.5,라우드본,4
보만다,용의춤,1.5,삼삼드래,2
보만다,용의춤,1.5,메타그로스,3
보만다,용의춤,1.5,망나뇽,2
보만다,용의춤,1.5,님피아,4
보만다,용의춤,1.5,히트로토무,3
보만다,용의춤,1.5,거북왕,3
보만다,용의춤,1.5,대도각참,3
보만다,용의춤,1.5,팬텀,2
보만다,용의춤,1.5,마폭시,3
보만다,용의춤,1.5,엠페르트,3
보만다,용의춤,1.5,번치코,3
보만다,용의춤,1.5,대짱이,3
보만다,용의춤,1.5,라이츄,2
보만다,용의춤,1.5,블래키,4
보만다,용의춤,1.5,다크펫,3
보만다,용의춤,1.5,더시마사리,4
보만다,용의춤,1.5,핫삼,2
보만다,용의춤,1.5,오롱털,3
보만다,용의춤,1.5,픽시,4
보만다,용의춤,1.5,카디나르마,3
보만다,용의춤,1.5,앱솔,3
보만다,용의춤,1.5,찌리배리,4
보만다,용의춤,1.5,맘모꾸리,3
보만다,용의춤,1.5,파라블레이즈,3
보만다,용의춤,1.5,패리퍼,3
보만다,용의춤,1.5,찌르호크,3
보만다,용의춤,1.5,대검귀,3
보만다,용의춤,1.5,마기라스,3
보만다,용의춤,1.5,이어롭,3
보만다,용의춤,1.5,플라엣테,4
보만다,용의춤,1.5,배바닐라,3
보만다,용의춤,1.5,드래펄트,2
보만다,용의춤,1.5,입치트,2
보만다,용의춤,1.5,메가니움,3
보만다,용의춤,1.5,메타몽,2
보만다,용의춤,1.5,이상해꽃,3
보만다,용의춤,1.5,밀로틱,4
보만다,용의춤,1.5,스코빌런,3
보만다,용의춤,1.5,아쿠스타,3
보만다,용의춤,1.5,몰드류,3
보만다,용의춤,1.5,조로아크(히스이),3
보만다,용의춤,1.5,미끄래곤(히스이),3
보만다,용의춤,1.5,잠만보,3
보만다,용의춤,1.5,무장조,3
보만다,용의춤,1.5,클레스퍼트라,3
보만다,용의춤,1.5,창파나이트,3
보만다,용의춤,1.5,우츠보트,3
보만다,용의춤,1.5,가라르야도킹,3
보만다,용의춤,1.5,깜까미,3
보만다,용의춤,1.5,엘풍,3
보만다,용의춤,1.5,저승갓숭,3
보만다,용의춤,1.5,스트린더(하이),2
보만다,용의춤,1.5,샤미드,4
보만다,용의춤,1.5,사마자르,3
보만다,용의춤,1.5,인텔리레온,3
보만다,용의춤,1.5,깨비물거미,3
보만다,용의춤,1.5,가디안,3
보만다,용의춤,1.5,왕구리,3
보만다,용의춤,1.5,엘레이드,3
보만다,용의춤,1.5,브리무음,4
보만다,용의춤,1.5,눈여아,3
보만다,용의춤,1.5,어흥염,3
보만다,용의춤,1.5,마릴리,4
보만다,용의춤,1.5,올리르바,3
보만다,용의춤,1.5,스트린더(로우),2
보만다,용의춤,1.5,펜드라,3
보만다,용의춤,1.5,화염레오,3
보만다,용의춤,1.5,윈디(히스이),2
보만다,용의춤,1.5,캥카,3
보만다,용의춤,1.5,꿈트렁,3
보만다,용의춤,1.5,에써르(암컷),3
보만다,용의춤,1.5,후딘,2
보만다,용의춤,1.5,드래캄,2
누리레느,명상,1.5,보만다,2
누리레느,명상,1.5,한카리아스,2
누리레느,명상,1.5,갑주무사,3
누리레느,명상,1.5,하마돈,2
누리레느,명상,1.5,루카리오,3
누리레느,명상,1.5,드닐레이브,2
누리레느,명상,1.5,브리두라스,3
누리레느,명상,1.5,타부자고,4
누리레느,명상,1.5,따라큐,3
누리레느,명상,1.5,고릴타,3
누리레느,명상,1.5,킬가르도,3
누리레느,명상,1.5,마스카나,2
누리레느,명상,1.5,갸라도스,3
누리레느,명상,1.5,아머까오,4
누리레느,명상,1.5,킬라플로르,2
누리레느,명상,1.5,대쓰여너,3
누리레느,명상,1.5,리자몽,2
누리레느,명상,1.5,포푸니크,3
누리레느,명상,1.5,개굴닌자,2
누리레느,명상,1.5,에이스번,2
누리레느,명상,1.5,알로라 나인테일,3
누리레느,명상,1.5,에써르(수컷),3
누리레느,명상,1.5,워시로토무,3
누리레느,명상,1.5,불카모스,3
누리레느,명상,1.5,빠르모트,2
누리레느,명상,1.5,라우드본,3
누리레느,명상,1.5,삼삼드래,2
누리레느,명상,1.5,메타그로스,3
누리레느,명상,1.5,망나뇽,2
누리레느,명상,1.5,님피아,4
누리레느,명상,1.5,히트로토무,2
누리레느,명상,1.5,거북왕,3
누리레느,명상,1.5,대도각참,3
누리레느,명상,1.5,팬텀,3
누리레느,명상,1.5,마폭시,2
누리레느,명상,1.5,엠페르트,5
누리레느,명상,1.5,번치코,2
누리레느,명상,1.5,대짱이,3
누리레느,명상,1.5,라이츄,3
누리레느,명상,1.5,블래키,3
누리레느,명상,1.5,다크펫,3
누리레느,명상,1.5,더시마사리,6
누리레느,명상,1.5,핫삼,3
누리레느,명상,1.5,오롱털,2
누리레느,명상,1.5,픽시,4
누리레느,명상,1.5,카디나르마,2
누리레느,명상,1.5,앱솔,2
누리레느,명상,1.5,찌리배리,4
누리레느,명상,1.5,맘모꾸리,2
누리레느,명상,1.5,파라블레이즈,2
누리레느,명상,1.5,패리퍼,3
누리레느,명상,1.5,찌르호크,3
누리레느,명상,1.5,대검귀,2
누리레느,명상,1.5,마기라스,2
누리레느,명상,1.5,이어롭,3
누리레느,명상,1.5,플라엣테,4
누리레느,명상,1.5,배바닐라,3
누리레느,명상,1.5,드래펄트,2
누리레느,명상,1.5,입치트,3
누리레느,명상,1.5,메가니움,3
누리레느,명상,1.5,메타몽,2
누리레느,명상,1.5,이상해꽃,3
누리레느,명상,1.5,밀로틱,4
누리레느,명상,1.5,스코빌런,3
누리레느,명상,1.5,아쿠스타,3
누리레느,명상,1.5,몰드류,2
누리레느,명상,1.5,조로아크(히스이),3
누리레느,명상,1.5,미끄래곤(히스이),4
누리레느,명상,1.5,잠만보,4
누리레느,명상,1.5,무장조,3
누리레느,명상,1.5,클레스퍼트라,3
누리레느,명상,1.5,창파나이트,2
누리레느,명상,1.5,우츠보트,3
누리레느,명상,1.5,가라르야도킹,4
누리레느,명상,1.5,깜까미,2
누리레느,명상,1.5,엘풍,2
누리레느,명상,1.5,저승갓숭,3
누리레느,명상,1.5,스트린더(하이),3
누리레느,명상,1.5,샤미드,4
누리레느,명상,1.5,사마자르,2
누리레느,명상,1.5,인텔리레온,3
누리레느,명상,1.5,깨비물거미,3
누리레느,명상,1.5,가디안,3
누리레느,명상,1.5,왕구리,3
누리레느,명상,1.5,엘레이드,2
누리레느,명상,1.5,브리무음,3
누리레느,명상,1.5,눈여아,3
누리레느,명상,1.5,어흥염,2
누리레느,명상,1.5,마릴리,3
누리레느,명상,1.5,올리르바,3
누리레느,명상,1.5,스트린더(로우),3
누리레느,명상,1.5,펜드라,3
누리레느,명상,1.5,화염레오,2
누리레느,명상,1.5,윈디(히스이),2
누리레느,명상,1.5,캥카,3
누리레느,명상,1.5,꿈트렁,3
누리레느,명상,1.5,에써르(암컷),3
누리레느,명상,1.5,후딘,3
누리레느,명상,1.5,드래캄,3
갑주무사,칼춤,2,보만다,5
갑주무사,칼춤,2,한카리아스,3
갑주무사,칼춤,2,누리레느,3
갑주무사,칼춤,2,하마돈,3
갑주무사,칼춤,2,루카리오,2
갑주무사,칼춤,2,드닐레이브,2
갑주무사,칼춤,2,브리두라스,2
갑주무사,칼춤,2,타부자고,3
갑주무사,칼춤,2,따라큐,2
갑주무사,칼춤,2,고릴타,2
갑주무사,칼춤,2,킬가르도,2
갑주무사,칼춤,2,마스카나,2
갑주무사,칼춤,2,갸라도스,4
갑주무사,칼춤,2,아머까오,3
갑주무사,칼춤,2,킬라플로르,2
갑주무사,칼춤,2,대쓰여너,2
갑주무사,칼춤,2,리자몽,3
갑주무사,칼춤,2,포푸니크,2
갑주무사,칼춤,2,개굴닌자,2
갑주무사,칼춤,2,에이스번,2
갑주무사,칼춤,2,알로라 나인테일,2
갑주무사,칼춤,2,에써르(수컷),2
갑주무사,칼춤,2,워시로토무,2
갑주무사,칼춤,2,불카모스,3
갑주무사,칼춤,2,빠르모트,2
갑주무사,칼춤,2,라우드본,3
갑주무사,칼춤,2,삼삼드래,2
갑주무사,칼춤,2,메타그로스,3
갑주무사,칼춤,2,망나뇽,4
갑주무사,칼춤,2,님피아,2
갑주무사,칼춤,2,히트로토무,2
갑주무사,칼춤,2,거북왕,2
갑주무사,칼춤,2,대도각참,2
갑주무사,칼춤,2,팬텀,2
갑주무사,칼춤,2,마폭시,2
갑주무사,칼춤,2,엠페르트,2
갑주무사,칼춤,2,번치코,2
갑주무사,칼춤,2,대짱이,2
갑주무사,칼춤,2,라이츄,2
갑주무사,칼춤,2,블래키,2
갑주무사,칼춤,2,다크펫,2
갑주무사,칼춤,2,더시마사리,3
갑주무사,칼춤,2,핫삼,3
갑주무사,칼춤,2,오롱털,2
갑주무사,칼춤,2,픽시,3
갑주무사,칼춤,2,카디나르마,2
갑주무사,칼춤,2,앱솔,2
갑주무사,칼춤,2,찌리배리,3
갑주무사,칼춤,2,맘모꾸리,2
갑주무사,칼춤,2,파라블레이즈,2
갑주무사,칼춤,2,패리퍼,3
갑주무사,칼춤,2,찌르호크,3
갑주무사,칼춤,2,대검귀,2
갑주무사,칼춤,2,마기라스,2
갑주무사,칼춤,2,이어롭,2
갑주무사,칼춤,2,플라엣테,2
갑주무사,칼춤,2,배바닐라,2
갑주무사,칼춤,2,드래펄트,2
갑주무사,칼춤,2,입치트,2
갑주무사,칼춤,2,메가니움,2
갑주무사,칼춤,2,메타몽,2
갑주무사,칼춤,2,이상해꽃,3
갑주무사,칼춤,2,밀로틱,3
갑주무사,칼춤,2,스코빌런,2
갑주무사,칼춤,2,아쿠스타,2
갑주무사,칼춤,2,몰드류,2
갑주무사,칼춤,2,조로아크(히스이),2
갑주무사,칼춤,2,미끄래곤(히스이),2
갑주무사,칼춤,2,잠만보,2
갑주무사,칼춤,2,무장조,3
갑주무사,칼춤,2,클레스퍼트라,2
갑주무사,칼춤,2,창파나이트,3
갑주무사,칼춤,2,우츠보트,2
갑주무사,칼춤,2,가라르야도킹,3
갑주무사,칼춤,2,깜까미,2
갑주무사,칼춤,2,엘풍,2
갑주무사,칼춤,2,저승갓숭,3
갑주무사,칼춤,2,스트린더(하이),2
갑주무사,칼춤,2,샤미드,3
갑주무사,칼춤,2,사마자르,2
갑주무사,칼춤,2,인텔리레온,2
갑주무사,칼춤,2,깨비물거미,2
갑주무사,칼춤,2,가디안,2
갑주무사,칼춤,2,왕구리,2
갑주무사,칼춤,2,엘레이드,2
갑주무사,칼춤,2,브리무음,2
갑주무사,칼춤,2,눈여아,2
갑주무사,칼춤,2,어흥염,2
갑주무사,칼춤,2,마릴리,3
갑주무사,칼춤,2,올리르바,2
갑주무사,칼춤,2,스트린더(로우),2
갑주무사,칼춤,2,펜드라,3
갑주무사,칼춤,2,화염레오,2
갑주무사,칼춤,2,윈디(히스이),2
갑주무사,칼춤,2,캥카,2
갑주무사,칼춤,2,꿈트렁,2
갑주무사,칼춤,2,에써르(암컷),2
갑주무사,칼춤,2,후딘,2
갑주무사,칼춤,2,드래캄,2
루카리오,나쁜음모,2,보만다,3
루카리오,나쁜음모,2,한카리아스,2
루카리오,나쁜음모,2,누리레느,3
루카리오,나쁜음모,2,갑주무사,3
루카리오,나쁜음모,2,하마돈,2
루카리오,나쁜음모,2,드닐레이브,2
루카리오,나쁜음모,2,브리두라스,2
루카리오,나쁜음모,2,타부자고,3
루카리오,나쁜음모,2,따라큐,2
루카리오,나쁜음모,2,고릴타,2
루카리오,나쁜음모,2,킬가르도,3
루카리오,나쁜음모,2,마스카나,2
루카리오,나쁜음모,2,갸라도스,3
루카리오,나쁜음모,2,아머까오,3
루카리오,나쁜음모,2,킬라플로르,2
루카리오,나쁜음모,2,대쓰여너,3
루카리오,나쁜음모,2,리자몽,3
루카리오,나쁜음모,2,포푸니크,2
루카리오,나쁜음모,2,개굴닌자,2
루카리오,나쁜음모,2,에이스번,2
루카리오,나쁜음모,2,알로라 나인테일,2
루카리오,나쁜음모,2,에써르(수컷),2
루카리오,나쁜음모,2,워시로토무,2
루카리오,나쁜음모,2,불카모스,4
루카리오,나쁜음모,2,빠르모트,2
루카리오,나쁜음모,2,라우드본,3
루카리오,나쁜음모,2,삼삼드래,2
루카리오,나쁜음모,2,메타그로스,2
루카리오,나쁜음모,2,망나뇽,3
루카리오,나쁜음모,2,님피아,2
루카리오,나쁜음모,2,히트로토무,2
루카리오,나쁜음모,2,거북왕,3
루카리오,나쁜음모,2,대도각참,2
루카리오,나쁜음모,2,팬텀,2
루카리오,나쁜음모,2,마폭시,3
루카리오,나쁜음모,2,엠페르트,2
루카리오,나쁜음모,2,번치코,2
루카리오,나쁜음모,2,대짱이,3
루카리오,나쁜음모,2,라이츄,2
루카리오,나쁜음모,2,블래키,2
루카리오,나쁜음모,2,다크펫,2
루카리오,나쁜음모,2,더시마사리,4
루카리오,나쁜음모,2,핫삼,3
루카리오,나쁜음모,2,오롱털,2
루카리오,나쁜음모,2,픽시,2
루카리오,나쁜음모,2,카디나르마,3
루카리오,나쁜음모,2,앱솔,2
루카리오,나쁜음모,2,찌리배리,3
루카리오,나쁜음모,2,맘모꾸리,2
루카리오,나쁜음모,2,파라블레이즈,3
루카리오,나쁜음모,2,패리퍼,3
루카리오,나쁜음모,2,찌르호크,2
루카리오,나쁜음모,2,대검귀,2
루카리오,나쁜음모,2,마기라스,2
루카리오,나쁜음모,2,이어롭,2
루카리오,나쁜음모,2,플라엣테,2
루카리오,나쁜음모,2,배바닐라,2
루카리오,나쁜음모,2,드래펄트,2
루카리오,나쁜음모,2,입치트,2
루카리오,나쁜음모,2,메가니움,3
루카리오,나쁜음모,2,메타몽,2
루카리오,나쁜음모,2,이상해꽃,3
루카리오,나쁜음모,2,밀로틱,3
루카리오,나쁜음모,2,스코빌런,2
루카리오,나쁜음모,2,아쿠스타,2
루카리오,나쁜음모,2,몰드류,2
루카리오,나쁜음모,2,조로아크(히스이),2
루카리오,나쁜음모,2,미끄래곤(히스이),2
루카리오,나쁜음모,2,잠만보,2
루카리오,나쁜음모,2,무장조,3
루카리오,나쁜음모,2,클레스퍼트라,2
루카리오,나쁜음모,2,창파나이트,2
루카리오,나쁜음모,2,우츠보트,2
루카리오,나쁜음모,2,가라르야도킹,3
루카리오,나쁜음모,2,깜까미,2
루카리오,나쁜음모,2,엘풍,2
루카리오,나쁜음모,2,저승갓숭,3
루카리오,나쁜음모,2,스트린더(하이),3
루카리오,나쁜음모,2,샤미드,3
루카리오,나쁜음모,2,사마자르,2
루카리오,나쁜음모,2,인텔리레온,2
루카리오,나쁜음모,2,깨비물거미,3
루카리오,나쁜음모,2,가디안,2
루카리오,나쁜음모,2,왕구리,2
루카리오,나쁜음모,2,엘레이드,2
루카리오,나쁜음모,2,브리무음,2
루카리오,나쁜음모,2,눈여아,2
루카리오,나쁜음모,2,어흥염,2
루카리오,나쁜음모,2,마릴리,2
루카리오,나쁜음모,2,올리르바,2
루카리오,나쁜음모,2,스트린더(로우),3
루카리오,나쁜음모,2,펜드라,2
루카리오,나쁜음모,2,화염레오,2
루카리오,나쁜음모,2,윈디(히스이),2
루카리오,나쁜음모,2,캥카,2
루카리오,나쁜음모,2,꿈트렁,2
루카리오,나쁜음모,2,에써르(암컷),2
루카리오,나쁜음모,2,후딘,2
루카리오,나쁜음모,2,드래캄,2
드닐레이브,칼춤,2,보만다,2
드닐레이브,칼춤,2,한카리아스,2
드닐레이브,칼춤,2,누리레느,3
드닐레이브,칼춤,2,갑주무사,3
드닐레이브,칼춤,2,하마돈,2
드닐레이브,칼춤,2,루카리오,2
드닐레이브,칼춤,2,브리두라스,3
드닐레이브,칼춤,2,타부자고,3
드닐레이브,칼춤,2,따라큐,2
드닐레이브,칼춤,2,고릴타,2
드닐레이브,칼춤,2,킬가르도,2
드닐레이브,칼춤,2,마스카나,2
드닐레이브,칼춤,2,갸라도스,2
드닐레이브,칼춤,2,아머까오,3
드닐레이브,칼춤,2,킬라플로르,2
드닐레이브,칼춤,2,대쓰여너,2
드닐레이브,칼춤,2,리자몽,2
드닐레이브,칼춤,2,포푸니크,2
드닐레이브,칼춤,2,개굴닌자,2
드닐레이브,칼춤,2,에이스번,2
드닐레이브,칼춤,2,알로라 나인테일,2
드닐레이브,칼춤,2,에써르(수컷),2
드닐레이브,칼춤,2,워시로토무,2
드닐레이브,칼춤,2,불카모스,2
드닐레이브,칼춤,2,빠르모트,2
드닐레이브,칼춤,2,라우드본,3
드닐레이브,칼춤,2,삼삼드래,2
드닐레이브,칼춤,2,메타그로스,2
드닐레이브,칼춤,2,망나뇽,2
드닐레이브,칼춤,2,님피아,3
드닐레이브,칼춤,2,히트로토무,2
드닐레이브,칼춤,2,거북왕,2
드닐레이브,칼춤,2,대도각참,2
드닐레이브,칼춤,2,팬텀,2
드닐레이브,칼춤,2,마폭시,2
드닐레이브,칼춤,2,엠페르트,2
드닐레이브,칼춤,2,번치코,2
드닐레이브,칼춤,2,대짱이,2
드닐레이브,칼춤,2,라이츄,2
드닐레이브,칼춤,2,블래키,3
드닐레이브,칼춤,2,다크펫,2
드닐레이브,칼춤,2,더시마사리,3
드닐레이브,칼춤,2,핫삼,3
드닐레이브,칼춤,2,오롱털,2
드닐레이브,칼춤,2,픽시,3
드닐레이브,칼춤,2,카디나르마,2
드닐레이브,칼춤,2,앱솔,2
드닐레이브,칼춤,2,찌리배리,3
드닐레이브,칼춤,2,맘모꾸리,2
드닐레이브,칼춤,2,파라블레이즈,2
드닐레이브,칼춤,2,패리퍼,2
드닐레이브,칼춤,2,찌르호크,2
드닐레이브,칼춤,2,대검귀,2
드닐레이브,칼춤,2,마기라스,2
드닐레이브,칼춤,2,이어롭,2
드닐레이브,칼춤,2,플라엣테,2
드닐레이브,칼춤,2,배바닐라,2
드닐레이브,칼춤,2,드래펄트,2
드닐레이브,칼춤,2,입치트,2
드닐레이브,칼춤,2,메가니움,2
드닐레이브,칼춤,2,메타몽,2
드닐레이브,칼춤,2,이상해꽃,2
드닐레이브,칼춤,2,밀로틱,3
드닐레이브,칼춤,2,스코빌런,2
드닐레이브,칼춤,2,아쿠스타,2
드닐레이브,칼춤,2,몰드류,2
드닐레이브,칼춤,2,조로아크(히스이),2
드닐레이브,칼춤,2,미끄래곤(히스이),2
드닐레이브,칼춤,2,잠만보,3
드닐레이브,칼춤,2,무장조,3
드닐레이브,칼춤,2,클레스퍼트라,2
드닐레이브,칼춤,2,창파나이트,2
드닐레이브,칼춤,2,우츠보트,2
드닐레이브,칼춤,2,가라르야도킹,2
드닐레이브,칼춤,2,깜까미,2
드닐레이브,칼춤,2,엘풍,2
드닐레이브,칼춤,2,저승갓숭,3
드닐레이브,칼춤,2,스트린더(하이),2
드닐레이브,칼춤,2,샤미드,3
드닐레이브,칼춤,2,사마자르,2
드닐레이브,칼춤,2,인텔리레온,2
드닐레이브,칼춤,2,깨비물거미,2
드닐레이브,칼춤,2,가디안,2
드닐레이브,칼춤,2,왕구리,2
드닐레이브,칼춤,2,엘레이드,2
드닐레이브,칼춤,2,브리무음,2
드닐레이브,칼춤,2,눈여아,2
드닐레이브,칼춤,2,어흥염,3
드닐레이브,칼춤,2,마릴리,3
드닐레이브,칼춤,2,올리르바,2
드닐레이브,칼춤,2,스트린더(로우),2
드닐레이브,칼춤,2,펜드라,2
드닐레이브,칼춤,2,화염레오,2
드닐레이브,칼춤,2,윈디(히스이),2
드닐레이브,칼춤,2,캥카,2
드닐레이브,칼춤,2,꿈트렁,4
드닐레이브,칼춤,2,에써르(암컷),2
드닐레이브,칼춤,2,후딘,2
드닐레이브,칼춤,2,드래캄,2
타부자고,나쁜음모,2,보만다,3
타부자고,나쁜음모,2,한카리아스,3
타부자고,나쁜음모,2,누리레느,3
타부자고,나쁜음모,2,갑주무사,3
타부자고,나쁜음모,2,하마돈,3
타부자고,나쁜음모,2,루카리오,2
타부자고,나쁜음모,2,드닐레이브,2
타부자고,나쁜음모,2,브리두라스,2
타부자고,나쁜음모,2,따라큐,2
타부자고,나쁜음모,2,고릴타,3
타부자고,나쁜음모,2,킬가르도,3
타부자고,나쁜음모,2,마스카나,2
타부자고,나쁜음모,2,갸라도스,2
타부자고,나쁜음모,2,아머까오,3
타부자고,나쁜음모,2,킬라플로르,2
타부자고,나쁜음모,2,대쓰여너,2
타부자고,나쁜음모,2,리자몽,2
타부자고,나쁜음모,2,포푸니크,3
타부자고,나쁜음모,2,개굴닌자,2
타부자고,나쁜음모,2,에이스번,3
타부자고,나쁜음모,2,알로라 나인테일,2
타부자고,나쁜음모,2,에써르(수컷),3
타부자고,나쁜음모,2,워시로토무,3
타부자고,나쁜음모,2,불카모스,2
타부자고,나쁜음모,2,빠르모트,3
타부자고,나쁜음모,2,라우드본,3
타부자고,나쁜음모,2,삼삼드래,2
타부자고,나쁜음모,2,메타그로스,2
타부자고,나쁜음모,2,망나뇽,3
타부자고,나쁜음모,2,님피아,2
타부자고,나쁜음모,2,히트로토무,3
타부자고,나쁜음모,2,거북왕,3
타부자고,나쁜음모,2,대도각참,2
타부자고,나쁜음모,2,팬텀,2
타부자고,나쁜음모,2,마폭시,2
타부자고,나쁜음모,2,엠페르트,2
타부자고,나쁜음모,2,번치코,3
타부자고,나쁜음모,2,대짱이,3
타부자고,나쁜음모,2,라이츄,3
타부자고,나쁜음모,2,블래키,3
타부자고,나쁜음모,2,다크펫,2
타부자고,나쁜음모,2,더시마사리,3
타부자고,나쁜음모,2,핫삼,3
타부자고,나쁜음모,2,오롱털,2
타부자고,나쁜음모,2,픽시,2
타부자고,나쁜음모,2,카디나르마,2
타부자고,나쁜음모,2,앱솔,2
타부자고,나쁜음모,2,찌리배리,4
타부자고,나쁜음모,2,맘모꾸리,2
타부자고,나쁜음모,2,파라블레이즈,2
타부자고,나쁜음모,2,패리퍼,2
타부자고,나쁜음모,2,찌르호크,3
타부자고,나쁜음모,2,대검귀,2
타부자고,나쁜음모,2,마기라스,2
타부자고,나쁜음모,2,이어롭,2
타부자고,나쁜음모,2,플라엣테,2
타부자고,나쁜음모,2,배바닐라,2
타부자고,나쁜음모,2,드래펄트,2
타부자고,나쁜음모,2,입치트,2
타부자고,나쁜음모,2,메가니움,3
타부자고,나쁜음모,2,메타몽,2
타부자고,나쁜음모,2,이상해꽃,3
타부자고,나쁜음모,2,밀로틱,4
타부자고,나쁜음모,2,스코빌런,3
타부자고,나쁜음모,2,아쿠스타,2
타부자고,나쁜음모,2,몰드류,2
타부자고,나쁜음모,2,조로아크(히스이),2
타부자고,나쁜음모,2,미끄래곤(히스이),3
타부자고,나쁜음모,2,잠만보,3
타부자고,나쁜음모,2,무장조,3
타부자고,나쁜음모,2,클레스퍼트라,2
타부자고,나쁜음모,2,창파나이트,2
타부자고,나쁜음모,2,우츠보트,3
타부자고,나쁜음모,2,가라르야도킹,3
타부자고,나쁜음모,2,깜까미,2
타부자고,나쁜음모,2,엘풍,2
타부자고,나쁜음모,2,저승갓숭,3
타부자고,나쁜음모,2,스트린더(하이),3
타부자고,나쁜음모,2,샤미드,3
타부자고,나쁜음모,2,사마자르,2
타부자고,나쁜음모,2,인텔리레온,2
타부자고,나쁜음모,2,깨비물거미,3
타부자고,나쁜음모,2,가디안,2
타부자고,나쁜음모,2,왕구리,3
타부자고,나쁜음모,2,엘레이드,2
타부자고,나쁜음모,2,브리무음,2
타부자고,나쁜음모,2,눈여아,2
타부자고,나쁜음모,2,어흥염,2
타부자고,나쁜음모,2,마릴리,3
타부자고,나쁜음모,2,올리르바,3
타부자고,나쁜음모,2,스트린더(로우),3
타부자고,나쁜음모,2,펜드라,2
타부자고,나쁜음모,2,화염레오,2
타부자고,나쁜음모,2,윈디(히스이),2
타부자고,나쁜음모,2,캥카,2
타부자고,나쁜음모,2,꿈트렁,2
타부자고,나쁜음모,2,에써르(암컷),3
타부자고,나쁜음모,2,후딘,2
타부자고,나쁜음모,2,드래캄,3
따라큐,칼춤,2,보만다,3
따라큐,칼춤,2,한카리아스,2
따라큐,칼춤,2,누리레느,2
따라큐,칼춤,2,갑주무사,3
따라큐,칼춤,2,하마돈,3
따라큐,칼춤,2,루카리오,2
따라큐,칼춤,2,드닐레이브,2
따라큐,칼춤,2,브리두라스,3
따라큐,칼춤,2,타부자고,3
따라큐,칼춤,2,고릴타,3
따라큐,칼춤,2,킬가르도,2
따라큐,칼춤,2,마스카나,2
따라큐,칼춤,2,갸라도스,3
따라큐,칼춤,2,아머까오,4
따라큐,칼춤,2,킬라플로르,3
따라큐,칼춤,2,대쓰여너,2
따라큐,칼춤,2,리자몽,3
따라큐,칼춤,2,포푸니크,2
따라큐,칼춤,2,개굴닌자,2
따라큐,칼춤,2,에이스번,3
따라큐,칼춤,2,알로라 나인테일,3
따라큐,칼춤,2,에써르(수컷),2
따라큐,칼춤,2,워시로토무,2
따라큐,칼춤,2,불카모스,3
따라큐,칼춤,2,빠르모트,2
따라큐,칼춤,2,라우드본,3
따라큐,칼춤,2,삼삼드래,2
따라큐,칼춤,2,메타그로스,2
따라큐,칼춤,2,망나뇽,2
따라큐,칼춤,2,님피아,3
따라큐,칼춤,2,히트로토무,3
따라큐,칼춤,2,거북왕,2
따라큐,칼춤,2,대도각참,2
따라큐,칼춤,2,팬텀,2
따라큐,칼춤,2,마폭시,2
따라큐,칼춤,2,엠페르트,3
따라큐,칼춤,2,번치코,3
따라큐,칼춤,2,대짱이,2
따라큐,칼춤,2,라이츄,2
따라큐,칼춤,2,블래키,2
따라큐,칼춤,2,다크펫,2
따라큐,칼춤,2,더시마사리,4
따라큐,칼춤,2,핫삼,3
따라큐,칼춤,2,오롱털,2
따라큐,칼춤,2,픽시,3
따라큐,칼춤,2,카디나르마,2
따라큐,칼춤,2,앱솔,2
따라큐,칼춤,2,찌리배리,3
따라큐,칼춤,2,맘모꾸리,2
따라큐,칼춤,2,파라블레이즈,2
따라큐,칼춤,2,패리퍼,3
따라큐,칼춤,2,찌르호크,3
따라큐,칼춤,2,대검귀,2
따라큐,칼춤,2,마기라스,2
따라큐,칼춤,2,이어롭,2
따라큐,칼춤,2,플라엣테,3
따라큐,칼춤,2,배바닐라,2
따라큐,칼춤,2,드래펄트,2
따라큐,칼춤,2,입치트,3
따라큐,칼춤,2,메가니움,3
따라큐,칼춤,2,메타몽,2
따라큐,칼춤,2,이상해꽃,3
따라큐,칼춤,2,밀로틱,2
따라큐,칼춤,2,스코빌런,3
따라큐,칼춤,2,아쿠스타,2
따라큐,칼춤,2,몰드류,2
따라큐,칼춤,2,조로아크(히스이),2
따라큐,칼춤,2,미끄래곤(히스이),3
따라큐,칼춤,2,잠만보,3
따라큐,칼춤,2,무장조,4
따라큐,칼춤,2,클레스퍼트라,2
따라큐,칼춤,2,창파나이트,2
따라큐,칼춤,2,우츠보트,3
따라큐,칼춤,2,가라르야도킹,2
따라큐,칼춤,2,깜까미,2
따라큐,칼춤,2,엘풍,3
따라큐,칼춤,2,저승갓숭,2
따라큐,칼춤,2,스트린더(하이),3
따라큐,칼춤,2,샤미드,2
따라큐,칼춤,2,사마자르,3
따라큐,칼춤,2,인텔리레온,2
따라큐,칼춤,2,깨비물거미,3
따라큐,칼춤,2,가디안,2
따라큐,칼춤,2,왕구리,2
따라큐,칼춤,2,엘레이드,2
따라큐,칼춤,2,브리무음,2
따라큐,칼춤,2,눈여아,2
따라큐,칼춤,2,어흥염,3
따라큐,칼춤,2,마릴리,2
따라큐,칼춤,2,올리르바,3
따라큐,칼춤,2,스트린더(로우),3
따라큐,칼춤,2,펜드라,3
따라큐,칼춤,2,화염레오,2
따라큐,칼춤,2,윈디(히스이),3
따라큐,칼춤,2,캥카,3
따라큐,칼춤,2,꿈트렁,3
따라큐,칼춤,2,에써르(암컷),2
따라큐,칼춤,2,후딘,2
따라큐,칼춤,2,드래캄,3
고릴타,칼춤,2,보만다,5
고릴타,칼춤,2,한카리아스,2
고릴타,칼춤,2,누리레느,2
고릴타,칼춤,2,갑주무사,2
고릴타,칼춤,2,하마돈,2
고릴타,칼춤,2,루카리오,2
고릴타,칼춤,2,드닐레이브,2
고릴타,칼춤,2,브리두라스,2
고릴타,칼춤,2,타부자고,2
고릴타,칼춤,2,따라큐,2
고릴타,칼춤,2,킬가르도,2
고릴타,칼춤,2,마스카나,2
고릴타,칼춤,2,갸라도스,3
고릴타,칼춤,2,아머까오,3
고릴타,칼춤,2,킬라플로르,2
고릴타,칼춤,2,대쓰여너,2
고릴타,칼춤,2,리자몽,3
고릴타,칼춤,2,포푸니크,2
고릴타,칼춤,2,개굴닌자,2
고릴타,칼춤,2,에이스번,2
고릴타,칼춤,2,알로라 나인테일,2
고릴타,칼춤,2,에써르(수컷),2
고릴타,칼춤,2,워시로토무,2
고릴타,칼춤,2,불카모스,3
고릴타,칼춤,2,빠르모트,2
고릴타,칼춤,2,라우드본,3
고릴타,칼춤,2,삼삼드래,2
고릴타,칼춤,2,메타그로스,2
고릴타,칼춤,2,망나뇽,4
고릴타,칼춤,2,님피아,2
고릴타,칼춤,2,히트로토무,3
고릴타,칼춤,2,거북왕,2
고릴타,칼춤,2,대도각참,2
고릴타,칼춤,2,팬텀,2
고릴타,칼춤,2,마폭시,2
고릴타,칼춤,2,엠페르트,2
고릴타,칼춤,2,번치코,2
고릴타,칼춤,2,대짱이,2
고릴타,칼춤,2,라이츄,2
고릴타,칼춤,2,블래키,2
고릴타,칼춤,2,다크펫,2
고릴타,칼춤,2,더시마사리,3
고릴타,칼춤,2,핫삼,3
고릴타,칼춤,2,오롱털,2
고릴타,칼춤,2,픽시,2
고릴타,칼춤,2,카디나르마,2
고릴타,칼춤,2,앱솔,2
고릴타,칼춤,2,찌리배리,3
고릴타,칼춤,2,맘모꾸리,2
고릴타,칼춤,2,파라블레이즈,2
고릴타,칼춤,2,패리퍼,2
고릴타,칼춤,2,찌르호크,3
고릴타,칼춤,2,대검귀,2
고릴타,칼춤,2,마기라스,2
고릴타,칼춤,2,이어롭,2
고릴타,칼춤,2,플라엣테,2
고릴타,칼춤,2,배바닐라,2
고릴타,칼춤,2,드래펄트,2
고릴타,칼춤,2,입치트,2
고릴타,칼춤,2,메가니움,3
고릴타,칼춤,2,메타몽,2
고릴타,칼춤,2,이상해꽃,3
고릴타,칼춤,2,밀로틱,2
고릴타,칼춤,2,스코빌런,2
고릴타,칼춤,2,아쿠스타,2
고릴타,칼춤,2,몰드류,2
고릴타,칼춤,2,조로아크(히스이),2
고릴타,칼춤,2,미끄래곤(히스이),2
고릴타,칼춤,2,잠만보,2
고릴타,칼춤,2,무장조,3
고릴타,칼춤,2,클레스퍼트라,2
고릴타,칼춤,2,창파나이트,2
고릴타,칼춤,2,우츠보트,3
고릴타,칼춤,2,가라르야도킹,2
고릴타,칼춤,2,깜까미,2
고릴타,칼춤,2,엘풍,3
고릴타,칼춤,2,저승갓숭,2
고릴타,칼춤,2,스트린더(하이),2
고릴타,칼춤,2,샤미드,2
고릴타,칼춤,2,사마자르,2
고릴타,칼춤,2,인텔리레온,2
고릴타,칼춤,2,깨비물거미,2
고릴타,칼춤,2,가디안,2
고릴타,칼춤,2,왕구리,2
고릴타,칼춤,2,엘레이드,2
고릴타,칼춤,2,브리무음,2
고릴타,칼춤,2,눈여아,2
고릴타,칼춤,2,어흥염,2
고릴타,칼춤,2,마릴리,2
고릴타,칼춤,2,올리르바,2
고릴타,칼춤,2,스트린더(로우),2
고릴타,칼춤,2,펜드라,3
고릴타,칼춤,2,화염레오,2
고릴타,칼춤,2,윈디(히스이),2
고릴타,칼춤,2,캥카,2
고릴타,칼춤,2,꿈트렁,2
고릴타,칼춤,2,에써르(암컷),2
고릴타,칼춤,2,후딘,2
고릴타,칼춤,2,드래캄,2
킬가르도,칼춤,2,보만다,2
킬가르도,칼춤,2,한카리아스,2
킬가르도,칼춤,2,누리레느,2
킬가르도,칼춤,2,갑주무사,3
킬가르도,칼춤,2,하마돈,2
킬가르도,칼춤,2,루카리오,2
킬가르도,칼춤,2,드닐레이브,2
킬가르도,칼춤,2,브리두라스,2
킬가르도,칼춤,2,타부자고,2
킬가르도,칼춤,2,따라큐,2
킬가르도,칼춤,2,고릴타,2
킬가르도,칼춤,2,마스카나,2
킬가르도,칼춤,2,갸라도스,3
킬가르도,칼춤,2,아머까오,3
킬가르도,칼춤,2,킬라플로르,2
킬가르도,칼춤,2,대쓰여너,2
킬가르도,칼춤,2,리자몽,2
킬가르도,칼춤,2,포푸니크,2
킬가르도,칼춤,2,개굴닌자,2
킬가르도,칼춤,2,에이스번,2
킬가르도,칼춤,2,알로라 나인테일,2
킬가르도,칼춤,2,에써르(수컷),2
킬가르도,칼춤,2,워시로토무,2
킬가르도,칼춤,2,불카모스,2
킬가르도,칼춤,2,빠르모트,2
킬가르도,칼춤,2,라우드본,2
킬가르도,칼춤,2,삼삼드래,2
킬가르도,칼춤,2,메타그로스,2
킬가르도,칼춤,2,망나뇽,3
킬가르도,칼춤,2,님피아,2
킬가르도,칼춤,2,히트로토무,2
킬가르도,칼춤,2,거북왕,2
킬가르도,칼춤,2,대도각참,2
킬가르도,칼춤,2,팬텀,2
킬가르도,칼춤,2,마폭시,2
킬가르도,칼춤,2,엠페르트,2
킬가르도,칼춤,2,번치코,2
킬가르도,칼춤,2,대짱이,3
킬가르도,칼춤,2,라이츄,2
킬가르도,칼춤,2,블래키,3
킬가르도,칼춤,2,다크펫,2
킬가르도,칼춤,2,더시마사리,3
킬가르도,칼춤,2,핫삼,3
킬가르도,칼춤,2,오롱털,2
킬가르도,칼춤,2,픽시,2
킬가르도,칼춤,2,카디나르마,2
킬가르도,칼춤,2,앱솔,2
킬가르도,칼춤,2,찌리배리,3
킬가르도,칼춤,2,맘모꾸리,2
킬가르도,칼춤,2,파라블레이즈,2
킬가르도,칼춤,2,패리퍼,2
킬가르도,칼춤,2,찌르호크,2
킬가르도,칼춤,2,대검귀,2
킬가르도,칼춤,2,마기라스,2
킬가르도,칼춤,2,이어롭,2
킬가르도,칼춤,2,플라엣테,2
킬가르도,칼춤,2,배바닐라,2
킬가르도,칼춤,2,드래펄트,2
킬가르도,칼춤,2,입치트,2
킬가르도,칼춤,2,메가니움,3
킬가르도,칼춤,2,메타몽,2
킬가르도,칼춤,2,이상해꽃,2
킬가르도,칼춤,2,밀로틱,3
킬가르도,칼춤,2,스코빌런,2
킬가르도,칼춤,2,아쿠스타,2
킬가르도,칼춤,2,몰드류,2
킬가르도,칼춤,2,조로아크(히스이),2
킬가르도,칼춤,2,미끄래곤(히스이),2
킬가르도,칼춤,2,잠만보,2
킬가르도,칼춤,2,무장조,3
킬가르도,칼춤,2,클레스퍼트라,2
킬가르도,칼춤,2,창파나이트,2
킬가르도,칼춤,2,우츠보트,2
킬가르도,칼춤,2,가라르야도킹,2
킬가르도,칼춤,2,깜까미,2
킬가르도,칼춤,2,엘풍,2
킬가르도,칼춤,2,저승갓숭,2
킬가르도,칼춤,2,스트린더(하이),2
킬가르도,칼춤,2,샤미드,3
킬가르도,칼춤,2,사마자르,2
킬가르도,칼춤,2,인텔리레온,2
킬가르도,칼춤,2,깨비물거미,2
킬가르도,칼춤,2,가디안,2
킬가르도,칼춤,2,왕구리,2
킬가르도,칼춤,2,엘레이드,2
킬가르도,칼춤,2,브리무음,2
킬가르도,칼춤,2,눈여아,2
킬가르도,칼춤,2,어흥염,3
킬가르도,칼춤,2,마릴리,2
킬가르도,칼춤,2,올리르바,2
킬가르도,칼춤,2,스트린더(로우),2
킬가르도,칼춤,2,펜드라,2
킬가르도,칼춤,2,화염레오,2
킬가르도,칼춤,2,윈디(히스이),2
킬가르도,칼춤,2,캥카,2
킬가르도,칼춤,2,꿈트렁,2
킬가르도,칼춤,2,에써르(암컷),2
킬가르도,칼춤,2,후딘,2
킬가르도,칼춤,2,드래캄,2
갸라도스,용의춤,1.5,보만다,3
갸라도스,용의춤,1.5,한카리아스,2
갸라도스,용의춤,1.5,누리레느,2
갸라도스,용의춤,1.5,갑주무사,3
갸라도스,용의춤,1.5,하마돈,3
갸라도스,용의춤,1.5,루카리오,2
갸라도스,용의춤,1.5,드닐레이브,3
갸라도스,용의춤,1.5,브리두라스,3
갸라도스,용의춤,1.5,타부자고,3
갸라도스,용의춤,1.5,따라큐,3
갸라도스,용의춤,1.5,고릴타,3
갸라도스,용의춤,1.5,킬가르도,3
갸라도스,용의춤,1.5,마스카나,3
갸라도스,용의춤,1.5,아머까오,4
갸라도스,용의춤,1.5,킬라플로르,2
갸라도스,용의춤,1.5,대쓰여너,2
갸라도스,용의춤,1.5,리자몽,2
갸라도스,용의춤,1.5,포푸니크,2
갸라도스,용의춤,1.5,개굴닌자,2
갸라도스,용의춤,1.5,에이스번,2
갸라도스,용의춤,1.5,알로라 나인테일,3
갸라도스,용의춤,1.5,에써르(수컷),2
갸라도스,용의춤,1.5,워시로토무,2
갸라도스,용의춤,1.5,불카모스,2
갸라도스,용의춤,1.5,빠르모트,2
갸라도스,용의춤,1.5,라우드본,3
갸라도스,용의춤,1.5,삼삼드래,3
갸라도스,용의춤,1.5,메타그로스,3
갸라도스,용의춤,1.5,망나뇽,3
갸라도스,용의춤,1.5,님피아,4
갸라도스,용의춤,1.5,히트로토무,2
갸라도스,용의춤,1.5,거북왕,2
갸라도스,용의춤,1.5,대도각참,3
갸라도스,용의춤,1.5,팬텀,2
갸라도스,용의춤,1.5,마폭시,2
갸라도스,용의춤,1.5,엠페르트,3
갸라도스,용의춤,1.5,번치코,2
갸라도스,용의춤,1.5,대짱이,2
갸라도스,용의춤,1.5,라이츄,2
갸라도스,용의춤,1.5,블래키,4
갸라도스,용의춤,1.5,다크펫,2
갸라도스,용의춤,1.5,더시마사리,3
갸라도스,용의춤,1.5,핫삼,3
갸라도스,용의춤,1.5,오롱털,3
갸라도스,용의춤,1.5,픽시,4
갸라도스,용의춤,1.5,카디나르마,2
갸라도스,용의춤,1.5,앱솔,3
갸라도스,용의춤,1.5,찌리배리,3
갸라도스,용의춤,1.5,맘모꾸리,2
갸라도스,용의춤,1.5,파라블레이즈,2
갸라도스,용의춤,1.5,패리퍼,3
갸라도스,용의춤,1.5,찌르호크,4
갸라도스,용의춤,1.5,대검귀,2
갸라도스,용의춤,1.5,마기라스,2
갸라도스,용의춤,1.5,이어롭,3
갸라도스,용의춤,1.5,플라엣테,3
갸라도스,용의춤,1.5,배바닐라,3
갸라도스,용의춤,1.5,드래펄트,3
갸라도스,용의춤,1.5,입치트,3
갸라도스,용의춤,1.5,메가니움,4
갸라도스,용의춤,1.5,메타몽,3
갸라도스,용의춤,1.5,이상해꽃,3
갸라도스,용의춤,1.5,밀로틱,3
갸라도스,용의춤,1.5,스코빌런,3
갸라도스,용의춤,1.5,아쿠스타,2
갸라도스,용의춤,1.5,몰드류,2
갸라도스,용의춤,1.5,조로아크(히스이),2
갸라도스,용의춤,1.5,미끄래곤(히스이),3
갸라도스,용의춤,1.5,잠만보,3
갸라도스,용의춤,1.5,무장조,4
갸라도스,용의춤,1.5,클레스퍼트라,3
갸라도스,용의춤,1.5,창파나이트,3
갸라도스,용의춤,1.5,우츠보트,3
갸라도스,용의춤,1.5,가라르야도킹,3
갸라도스,용의춤,1.5,깜까미,3
갸라도스,용의춤,1.5,엘풍,3
갸라도스,용의춤,1.5,저승갓숭,3
갸라도스,용의춤,1.5,스트린더(하이),2
갸라도스,용의춤,1.5,샤미드,3
갸라도스,용의춤,1.5,사마자르,2
갸라도스,용의춤,1.5,인텔리레온,2
갸라도스,용의춤,1.5,깨비물거미,3
갸라도스,용의춤,1.5,가디안,3
갸라도스,용의춤,1.5,왕구리,2
갸라도스,용의춤,1.5,엘레이드,3
갸라도스,용의춤,1.5,브리무음,3
갸라도스,용의춤,1.5,눈여아,3
갸라도스,용의춤,1.5,어흥염,3
갸라도스,용의춤,1.5,마릴리,2
갸라도스,용의춤,1.5,올리르바,3
갸라도스,용의춤,1.5,스트린더(로우),2
갸라도스,용의춤,1.5,펜드라,3
갸라도스,용의춤,1.5,화염레오,2
갸라도스,용의춤,1.5,윈디(히스이),2
갸라도스,용의춤,1.5,캥카,3
갸라도스,용의춤,1.5,꿈트렁,3
갸라도스,용의춤,1.5,에써르(암컷),3
갸라도스,용의춤,1.5,후딘,2
갸라도스,용의춤,1.5,드래캄,2
아머까오,벌크업,1.5,보만다,5
아머까오,벌크업,1.5,한카리아스,4
아머까오,벌크업,1.5,누리레느,3
아머까오,벌크업,1.5,갑주무사,3
아머까오,벌크업,1.5,하마돈,4
아머까오,벌크업,1.5,루카리오,3
아머까오,벌크업,1.5,드닐레이브,3
아머까오,벌크업,1.5,브리두라스,4
아머까오,벌크업,1.5,타부자고,7
아머까오,벌크업,1.5,따라큐,3
아머까오,벌크업,1.5,고릴타,3
아머까오,벌크업,1.5,킬가르도,5
아머까오,벌크업,1.5,마스카나,2
아머까오,벌크업,1.5,갸라도스,4
아머까오,벌크업,1.5,킬라플로르,3
아머까오,벌크업,1.5,대쓰여너,3
아머까오,벌크업,1.5,리자몽,4
아머까오,벌크업,1.5,포푸니크,2
아머까오,벌크업,1.5,개굴닌자,3
아머까오,벌크업,1.5,에이스번,3
아머까오,벌크업,1.5,알로라 나인테일,2
아머까오,벌크업,1.5,에써르(수컷),3
아머까오,벌크업,1.5,워시로토무,5
아머까오,벌크업,1.5,불카모스,3
아머까오,벌크업,1.5,빠르모트,3
아머까오,벌크업,1.5,라우드본,5
아머까오,벌크업,1.5,삼삼드래,4
아머까오,벌크업,1.5,메타그로스,5
아머까오,벌크업,1.5,망나뇽,4
아머까오,벌크업,1.5,님피아,3
아머까오,벌크업,1.5,히트로토무,5
아머까오,벌크업,1.5,거북왕,4
아머까오,벌크업,1.5,대도각참,3
아머까오,벌크업,1.5,팬텀,3
아머까오,벌크업,1.5,마폭시,3
아머까오,벌크업,1.5,엠페르트,4
아머까오,벌크업,1.5,번치코,2
아머까오,벌크업,1.5,대짱이,3
아머까오,벌크업,1.5,라이츄,4
아머까오,벌크업,1.5,블래키,4
아머까오,벌크업,1.5,다크펫,3
아머까오,벌크업,1.5,더시마사리,4
아머까오,벌크업,1.5,핫삼,4
아머까오,벌크업,1.5,오롱털,3
아머까오,벌크업,1.5,픽시,4
아머까오,벌크업,1.5,카디나르마,4
아머까오,벌크업,1.5,앱솔,3
아머까오,벌크업,1.5,찌리배리,8
아머까오,벌크업,1.5,맘모꾸리,3
아머까오,벌크업,1.5,파라블레이즈,3
아머까오,벌크업,1.5,패리퍼,4
아머까오,벌크업,1.5,찌르호크,4
아머까오,벌크업,1.5,대검귀,3
아머까오,벌크업,1.5,마기라스,3
아머까오,벌크업,1.5,이어롭,3
아머까오,벌크업,1.5,플라엣테,3
아머까오,벌크업,1.5,배바닐라,3
아머까오,벌크업,1.5,드래펄트,3
아머까오,벌크업,1.5,입치트,4
아머까오,벌크업,1.5,메가니움,3
아머까오,벌크업,1.5,메타몽,3
아머까오,벌크업,1.5,이상해꽃,3
아머까오,벌크업,1.5,밀로틱,4
아머까오,벌크업,1.5,스코빌런,2
아머까오,벌크업,1.5,아쿠스타,3
아머까오,벌크업,1.5,몰드류,3
아머까오,벌크업,1.5,조로아크(히스이),3
아머까오,벌크업,1.5,미끄래곤(히스이),4
아머까오,벌크업,1.5,잠만보,4
아머까오,벌크업,1.5,무장조,5
아머까오,벌크업,1.5,클레스퍼트라,3
아머까오,벌크업,1.5,창파나이트,2
아머까오,벌크업,1.5,우츠보트,2
아머까오,벌크업,1.5,가라르야도킹,4
아머까오,벌크업,1.5,깜까미,3
아머까오,벌크업,1.5,엘풍,2
아머까오,벌크업,1.5,저승갓숭,3
아머까오,벌크업,1.5,스트린더(하이),5
아머까오,벌크업,1.5,샤미드,4
아머까오,벌크업,1.5,사마자르,3
아머까오,벌크업,1.5,인텔리레온,3
아머까오,벌크업,1.5,깨비물거미,2
아머까오,벌크업,1.5,가디안,3
아머까오,벌크업,1.5,왕구리,4
아머까오,벌크업,1.5,엘레이드,2
아머까오,벌크업,1.5,브리무음,3
아머까오,벌크업,1.5,눈여아,3
아머까오,벌크업,1.5,어흥염,4
아머까오,벌크업,1.5,마릴리,3
아머까오,벌크업,1.5,올리르바,3
아머까오,벌크업,1.5,스트린더(로우),5
아머까오,벌크업,1.5,펜드라,2
아머까오,벌크업,1.5,화염레오,3
아머까오,벌크업,1.5,윈디(히스이),3
아머까오,벌크업,1.5,캥카,3
아머까오,벌크업,1.5,꿈트렁,4
아머까오,벌크업,1.5,에써르(암컷),3
아머까오,벌크업,1.5,후딘,3
아머까오,벌크업,1.5,드래캄,3
리자몽,용의춤,1.5,보만다,4
리자몽,용의춤,1.5,한카리아스,3
리자몽,용의춤,1.5,누리레느,3
리자몽,용의춤,1.5,갑주무사,3
리자몽,용의춤,1.5,하마돈,3
리자몽,용의춤,1.5,루카리오,2
리자몽,용의춤,1.5,드닐레이브,3
리자몽,용의춤,1.5,브리두라스,3
리자몽,용의춤,1.5,타부자고,2
리자몽,용의춤,1.5,따라큐,3
리자몽,용의춤,1.5,고릴타,2
리자몽,용의춤,1.5,킬가르도,2
리자몽,용의춤,1.5,마스카나,2
리자몽,용의춤,1.5,갸라도스,3
리자몽,용의춤,1.5,아머까오,2
리자몽,용의춤,1.5,킬라플로르,4
리자몽,용의춤,1.5,대쓰여너,3
리자몽,용의춤,1.5,포푸니크,3
리자몽,용의춤,1.5,개굴닌자,2
리자몽,용의춤,1.5,에이스번,4
리자몽,용의춤,1.5,알로라 나인테일,2
리자몽,용의춤,1.5,에써르(수컷),3
리자몽,용의춤,1.5,워시로토무,3
리자몽,용의춤,1.5,불카모스,3
리자몽,용의춤,1.5,빠르모트,3
리자몽,용의춤,1.5,라우드본,5
리자몽,용의춤,1.5,삼삼드래,3
리자몽,용의춤,1.5,메타그로스,2
리자몽,용의춤,1.5,망나뇽,3
리자몽,용의춤,1.5,님피아,3
리자몽,용의춤,1.5,히트로토무,4
리자몽,용의춤,1.5,거북왕,3
리자몽,용의춤,1.5,대도각참,2
리자몽,용의춤,1.5,팬텀,3
리자몽,용의춤,1.5,마폭시,4
리자몽,용의춤,1.5,엠페르트,3
리자몽,용의춤,1.5,번치코,2
리자몽,용의춤,1.5,대짱이,2
리자몽,용의춤,1.5,라이츄,3
리자몽,용의춤,1.5,블래키,4
리자몽,용의춤,1.5,다크펫,2
리자몽,용의춤,1.5,더시마사리,5
리자몽,용의춤,1.5,핫삼,2
리자몽,용의춤,1.5,오롱털,3
리자몽,용의춤,1.5,픽시,3
리자몽,용의춤,1.5,카디나르마,4
리자몽,용의춤,1.5,앱솔,2
리자몽,용의춤,1.5,찌리배리,4
리자몽,용의춤,1.5,맘모꾸리,2
리자몽,용의춤,1.5,파라블레이즈,4
리자몽,용의춤,1.5,패리퍼,3
리자몽,용의춤,1.5,찌르호크,3
리자몽,용의춤,1.5,대검귀,2
리자몽,용의춤,1.5,마기라스,3
리자몽,용의춤,1.5,이어롭,3
리자몽,용의춤,1.5,플라엣테,3
리자몽,용의춤,1.5,배바닐라,2
리자몽,용의춤,1.5,드래펄트,3
리자몽,용의춤,1.5,입치트,2
리자몽,용의춤,1.5,메가니움,2
리자몽,용의춤,1.5,메타몽,2
리자몽,용의춤,1.5,이상해꽃,2
리자몽,용의춤,1.5,밀로틱,4
리자몽,용의춤,1.5,스코빌런,2
리자몽,용의춤,1.5,아쿠스타,2
리자몽,용의춤,1.5,몰드류,2
리자몽,용의춤,1.5,조로아크(히스이),2
리자몽,용의춤,1.5,미끄래곤(히스이),3
리자몽,용의춤,1.5,잠만보,5
리자몽,용의춤,1.5,무장조,3
리자몽,용의춤,1.5,클레스퍼트라,3
리자몽,용의춤,1.5,창파나이트,2
리자몽,용의춤,1.5,우츠보트,2
리자몽,용의춤,1.5,가라르야도킹,4
리자몽,용의춤,1.5,깜까미,3
리자몽,용의춤,1.5,엘풍,2
리자몽,용의춤,1.5,저승갓숭,3
리자몽,용의춤,1.5,스트린더(하이),3
리자몽,용의춤,1.5,샤미드,3
리자몽,용의춤,1.5,사마자르,3
리자몽,용의춤,1.5,인텔리레온,2
리자몽,용의춤,1.5,깨비물거미,3
리자몽,용의춤,1.5,가디안,3
리자몽,용의춤,1.5,왕구리,3
리자몽,용의춤,1.5,엘레이드,3
리자몽,용의춤,1.5,브리무음,3
리자몽,용의춤,1.5,눈여아,2
리자몽,용의춤,1.5,어흥염,4
리자몽,용의춤,1.5,마릴리,3
리자몽,용의춤,1.5,올리르바,2
리자몽,용의춤,1.5,스트린더(로우),3
리자몽,용의춤,1.5,펜드라,2
리자몽,용의춤,1.5,화염레오,3
리자몽,용의춤,1.5,윈디(히스이),4
리자몽,용의춤,1.5,캥카,3
리자몽,용의춤,1.5,꿈트렁,2
리자몽,용의춤,1.5,에써르(암컷),3
리자몽,용의춤,1.5,후딘,3
리자몽,용의춤,1.5,드래캄,3
포푸니크,칼춤,2,보만다,4
포푸니크,칼춤,2,한카리아스,3
포푸니크,칼춤,2,누리레느,2
포푸니크,칼춤,2,갑주무사,3
포푸니크,칼춤,2,하마돈,3
포푸니크,칼춤,2,루카리오,2
포푸니크,칼춤,2,드닐레이브,2
포푸니크,칼춤,2,브리두라스,2
포푸니크,칼춤,2,타부자고,3
포푸니크,칼춤,2,따라큐,2
포푸니크,칼춤,2,고릴타,2
포푸니크,칼춤,2,킬가르도,3
포푸니크,칼춤,2,마스카나,2
포푸니크,칼춤,2,갸라도스,3
포푸니크,칼춤,2,아머까오,3
포푸니크,칼춤,2,킬라플로르,2
포푸니크,칼춤,2,대쓰여너,3
포푸니크,칼춤,2,리자몽,2
포푸니크,칼춤,2,개굴닌자,2
포푸니크,칼춤,2,에이스번,2
포푸니크,칼춤,2,알로라 나인테일,2
포푸니크,칼춤,2,에써르(수컷),2
포푸니크,칼춤,2,워시로토무,2
포푸니크,칼춤,2,불카모스,2
포푸니크,칼춤,2,빠르모트,2
포푸니크,칼춤,2,라우드본,3
포푸니크,칼춤,2,삼삼드래,2
포푸니크,칼춤,2,메타그로스,3
포푸니크,칼춤,2,망나뇽,3
포푸니크,칼춤,2,님피아,2
포푸니크,칼춤,2,히트로토무,2
포푸니크,칼춤,2,거북왕,2
포푸니크,칼춤,2,대도각참,2
포푸니크,칼춤,2,팬텀,2
포푸니크,칼춤,2,마폭시,2
포푸니크,칼춤,2,엠페르트,2
포푸니크,칼춤,2,번치코,2
포푸니크,칼춤,2,대짱이,2
포푸니크,칼춤,2,라이츄,2
포푸니크,칼춤,2,블래키,2
포푸니크,칼춤,2,다크펫,2
포푸니크,칼춤,2,더시마사리,4
포푸니크,칼춤,2,핫삼,2
포푸니크,칼춤,2,오롱털,2
포푸니크,칼춤,2,픽시,2
포푸니크,칼춤,2,카디나르마,3
포푸니크,칼춤,2,앱솔,2
포푸니크,칼춤,2,찌리배리,3
포푸니크,칼춤,2,맘모꾸리,2
포푸니크,칼춤,2,파라블레이즈,2
포푸니크,칼춤,2,패리퍼,3
포푸니크,칼춤,2,찌르호크,3
포푸니크,칼춤,2,대검귀,2
포푸니크,칼춤,2,마기라스,2
포푸니크,칼춤,2,이어롭,2
포푸니크,칼춤,2,플라엣테,2
포푸니크,칼춤,2,배바닐라,2
포푸니크,칼춤,2,드래펄트,2
포푸니크,칼춤,2,입치트,3
포푸니크,칼춤,2,메가니움,2
포푸니크,칼춤,2,메타몽,2
포푸니크,칼춤,2,이상해꽃,3
포푸니크,칼춤,2,밀로틱,3
포푸니크,칼춤,2,스코빌런,2
포푸니크,칼춤,2,아쿠스타,2
포푸니크,칼춤,2,몰드류,2
포푸니크,칼춤,2,조로아크(히스이),2
포푸니크,칼춤,2,미끄래곤(히스이),2
포푸니크,칼춤,2,잠만보,2
포푸니크,칼춤,2,무장조,3
포푸니크,칼춤,2,클레스퍼트라,2
포푸니크,칼춤,2,창파나이트,2
포푸니크,칼춤,2,우츠보트,3
포푸니크,칼춤,2,가라르야도킹,3
포푸니크,칼춤,2,깜까미,3
포푸니크,칼춤,2,엘풍,2
포푸니크,칼춤,2,저승갓숭,3
포푸니크,칼춤,2,스트린더(하이),3
포푸니크,칼춤,2,샤미드,3
포푸니크,칼춤,2,사마자르,2
포푸니크,칼춤,2,인텔리레온,2
포푸니크,칼춤,2,깨비물거미,3
포푸니크,칼춤,2,가디안,2
포푸니크,칼춤,2,왕구리,2
포푸니크,칼춤,2,엘레이드,2
포푸니크,칼춤,2,브리무음,2
포푸니크,칼춤,2,눈여아,2
포푸니크,칼춤,2,어흥염,2
포푸니크,칼춤,2,마릴리,2
포푸니크,칼춤,2,올리르바,2
포푸니크,칼춤,2,스트린더(로우),3
포푸니크,칼춤,2,펜드라,3
포푸니크,칼춤,2,화염레오,2
포푸니크,칼춤,2,윈디(히스이),2
포푸니크,칼춤,2,캥카,2
포푸니크,칼춤,2,꿈트렁,2
포푸니크,칼춤,2,에써르(암컷),2
포푸니크,칼춤,2,후딘,2
포푸니크,칼춤,2,드래캄,3
불카모스,나비춤,1.5,보만다,5
불카모스,나비춤,1.5,한카리아스,4
불카모스,나비춤,1.5,누리레느,4
불카모스,나비춤,1.5,갑주무사,3
불카모스,나비춤,1.5,하마돈,3
불카모스,나비춤,1.5,루카리오,2
불카모스,나비춤,1.5,드닐레이브,4
불카모스,나비춤,1.5,브리두라스,3
불카모스,나비춤,1.5,타부자고,3
불카모스,나비춤,1.5,따라큐,3
불카모스,나비춤,1.5,고릴타,2
불카모스,나비춤,1.5,킬가르도,3
불카모스,나비춤,1.5,마스카나,2
불카모스,나비춤,1.5,갸라도스,5
불카모스,나비춤,1.5,아머까오,3
불카모스,나비춤,1.5,킬라플로르,3
불카모스,나비춤,1.5,대쓰여너,3
불카모스,나비춤,1.5,리자몽,4
불카모스,나비춤,1.5,포푸니크,2
불카모스,나비춤,1.5,개굴닌자,2
불카모스,나비춤,1.5,에이스번,4
불카모스,나비춤,1.5,알로라 나인테일,2
불카모스,나비춤,1.5,에써르(수컷),2
불카모스,나비춤,1.5,워시로토무,3
불카모스,나비춤,1.5,빠르모트,3
불카모스,나비춤,1.5,라우드본,5
불카모스,나비춤,1.5,삼삼드래,2
불카모스,나비춤,1.5,메타그로스,2
불카모스,나비춤,1.5,망나뇽,5
불카모스,나비춤,1.5,님피아,5
불카모스,나비춤,1.5,히트로토무,4
불카모스,나비춤,1.5,거북왕,3
불카모스,나비춤,1.5,대도각참,3
불카모스,나비춤,1.5,팬텀,3
불카모스,나비춤,1.5,마폭시,3
불카모스,나비춤,1.5,엠페르트,4
불카모스,나비춤,1.5,번치코,3
불카모스,나비춤,1.5,대짱이,2
불카모스,나비춤,1.5,라이츄,3
불카모스,나비춤,1.5,블래키,3
불카모스,나비춤,1.5,다크펫,3
불카모스,나비춤,1.5,더시마사리,4
불카모스,나비춤,1.5,핫삼,2
불카모스,나비춤,1.5,오롱털,3
불카모스,나비춤,1.5,픽시,4
불카모스,나비춤,1.5,카디나르마,3
불카모스,나비춤,1.5,앱솔,2
불카모스,나비춤,1.5,찌리배리,4
불카모스,나비춤,1.5,맘모꾸리,3
불카모스,나비춤,1.5,파라블레이즈,4
불카모스,나비춤,1.5,패리퍼,4
불카모스,나비춤,1.5,찌르호크,4
불카모스,나비춤,1.5,대검귀,2
불카모스,나비춤,1.5,마기라스,3
불카모스,나비춤,1.5,이어롭,3
불카모스,나비춤,1.5,플라엣테,4
불카모스,나비춤,1.5,배바닐라,2
불카모스,나비춤,1.5,드래펄트,4
불카모스,나비춤,1.5,입치트,2
불카모스,나비춤,1.5,메가니움,3
불카모스,나비춤,1.5,메타몽,3
불카모스,나비춤,1.5,이상해꽃,3
불카모스,나비춤,1.5,밀로틱,5
불카모스,나비춤,1.5,스코빌런,3
불카모스,나비춤,1.5,아쿠스타,2
불카모스,나비춤,1.5,몰드류,2
불카모스,나비춤,1.5,조로아크(히스이),3
불카모스,나비춤,1.5,미끄래곤(히스이),4
불카모스,나비춤,1.5,잠만보,5
불카모스,나비춤,1.5,무장조,3
불카모스,나비춤,1.5,클레스퍼트라,2
불카모스,나비춤,1.5,창파나이트,3
불카모스,나비춤,1.5,우츠보트,2
불카모스,나비춤,1.5,가라르야도킹,4
불카모스,나비춤,1.5,깜까미,3
불카모스,나비춤,1.5,엘풍,2
불카모스,나비춤,1.5,저승갓숭,3
불카모스,나비춤,1.5,스트린더(하이),3
불카모스,나비춤,1.5,샤미드,5
불카모스,나비춤,1.5,사마자르,3
불카모스,나비춤,1.5,인텔리레온,3
불카모스,나비춤,1.5,깨비물거미,4
불카모스,나비춤,1.5,가디안,4
불카모스,나비춤,1.5,왕구리,3
불카모스,나비춤,1.5,엘레이드,4
불카모스,나비춤,1.5,브리무음,3
불카모스,나비춤,1.5,눈여아,2
불카모스,나비춤,1.5,어흥염,4
불카모스,나비춤,1.5,마릴리,3
불카모스,나비춤,1.5,올리르바,3
불카모스,나비춤,1.5,스트린더(로우),3
불카모스,나비춤,1.5,펜드라,2
불카모스,나비춤,1.5,화염레오,4
불카모스,나비춤,1.5,윈디(히스이),4
불카모스,나비춤,1.5,캥카,4
불카모스,나비춤,1.5,꿈트렁,2
불카모스,나비춤,1.5,에써르(암컷),2
불카모스,나비춤,1.5,후딘,2
불카모스,나비춤,1.5,드래캄,3
망나뇽,용의춤,1.5,보만다,3
망나뇽,용의춤,1.5,한카리아스,2
망나뇽,용의춤,1.5,누리레느,4
망나뇽,용의춤,1.5,갑주무사,3
망나뇽,용의춤,1.5,하마돈,3
망나뇽,용의춤,1.5,루카리오,3
망나뇽,용의춤,1.5,드닐레이브,2
망나뇽,용의춤,1.5,브리두라스,3
망나뇽,용의춤,1.5,타부자고,3
망나뇽,용의춤,1.5,따라큐,4
망나뇽,용의춤,1.5,고릴타,3
망나뇽,용의춤,1.5,킬가르도,3
망나뇽,용의춤,1.5,마스카나,3
망나뇽,용의춤,1.5,갸라도스,2
망나뇽,용의춤,1.5,아머까오,4
망나뇽,용의춤,1.5,킬라플로르,2
망나뇽,용의춤,1.5,대쓰여너,3
망나뇽,용의춤,1.5,리자몽,3
망나뇽,용의춤,1.5,포푸니크,2
망나뇽,용의춤,1.5,개굴닌자,3
망나뇽,용의춤,1.5,에이스번,3
망나뇽,용의춤,1.5,알로라 나인테일,3
망나뇽,용의춤,1.5,에써르(수컷),3
망나뇽,용의춤,1.5,워시로토무,3
망나뇽,용의춤,1.5,불카모스,3
망나뇽,용의춤,1.5,빠르모트,3
망나뇽,용의춤,1.5,라우드본,4
망나뇽,용의춤,1.5,삼삼드래,2
망나뇽,용의춤,1.5,메타그로스,3
망나뇽,용의춤,1.5,님피아,4
망나뇽,용의춤,1.5,히트로토무,3
망나뇽,용의춤,1.5,거북왕,3
망나뇽,용의춤,1.5,대도각참,3
망나뇽,용의춤,1.5,팬텀,2
망나뇽,용의춤,1.5,마폭시,3
망나뇽,용의춤,1.5,엠페르트,3
망나뇽,용의춤,1.5,번치코,3
망나뇽,용의춤,1.5,대짱이,3
망나뇽,용의춤,1.5,라이츄,2
망나뇽,용의춤,1.5,블래키,4
망나뇽,용의춤,1.5,다크펫,3
망나뇽,용의춤,1.5,더시마사리,4
망나뇽,용의춤,1.5,핫삼,2
망나뇽,용의춤,1.5,오롱털,4
망나뇽,용의춤,1.5,픽시,5
망나뇽,용의춤,1.5,카디나르마,3
망나뇽,용의춤,1.5,앱솔,3
망나뇽,용의춤,1.5,찌리배리,3
망나뇽,용의춤,1.5,맘모꾸리,3
망나뇽,용의춤,1.5,파라블레이즈,3
망나뇽,용의춤,1.5,패리퍼,2
망나뇽,용의춤,1.5,찌르호크,3
망나뇽,용의춤,1.5,대검귀,3
망나뇽,용의춤,1.5,마기라스,3
망나뇽,용의춤,1.5,이어롭,3
망나뇽,용의춤,1.5,플라엣테,4
망나뇽,용의춤,1.5,배바닐라,3
망나뇽,용의춤,1.5,드래펄트,2
망나뇽,용의춤,1.5,입치트,3
망나뇽,용의춤,1.5,메가니움,3
망나뇽,용의춤,1.5,메타몽,2
망나뇽,용의춤,1.5,이상해꽃,3
망나뇽,용의춤,1.5,밀로틱,4
망나뇽,용의춤,1.5,스코빌런,3
망나뇽,용의춤,1.5,아쿠스타,3
망나뇽,용의춤,1.5,몰드류,3
망나뇽,용의춤,1.5,조로아크(히스이),3
망나뇽,용의춤,1.5,미끄래곤(히스이),3
망나뇽,용의춤,1.5,잠만보,4
망나뇽,용의춤,1.5,무장조,3
망나뇽,용의춤,1.5,클레스퍼트라,3
망나뇽,용의춤,1.5,창파나이트,3
망나뇽,용의춤,1.5,우츠보트,3
망나뇽,용의춤,1.5,가라르야도킹,3
망나뇽,용의춤,1.5,깜까미,3
망나뇽,용의춤,1.5,엘풍,3
망나뇽,용의춤,1.5,저승갓숭,3
망나뇽,용의춤,1.5,스트린더(하이),2
망나뇽,용의춤,1.5,샤미드,4
망나뇽,용의춤,1.5,사마자르,3
망나뇽,용의춤,1.5,인텔리레온,3
망나뇽,용의춤,1.5,깨비물거미,3
망나뇽,용의춤,1.5,가디안,3
망나뇽,용의춤,1.5,왕구리,3
망나뇽,용의춤,1.5,엘레이드,3
망나뇽,용의춤,1.5,브리무음,4
망나뇽,용의춤,1.5,눈여아,3
망나뇽,용의춤,1.5,어흥염,3
망나뇽,용의춤,1.5,마릴리,3
망나뇽,용의춤,1.5,올리르바,3
망나뇽,용의춤,1.5,스트린더(로우),2
망나뇽,용의춤,1.5,펜드라,3
망나뇽,용의춤,1.5,화염레오,3
망나뇽,용의춤,1.5,윈디(히스이),2
망나뇽,용의춤,1.5,캥카,3
망나뇽,용의춤,1.5,꿈트렁,3
망나뇽,용의춤,1.5,에써르(암컷),3
망나뇽,용의춤,1.5,후딘,3
망나뇽,용의춤,1.5,드래캄,2
히트로토무,나쁜음모,2,보만다,3
히트로토무,나쁜음모,2,한카리아스,4
히트로토무,나쁜음모,2,누리레느,2
히트로토무,나쁜음모,2,갑주무사,2
히트로토무,나쁜음모,2,하마돈,3
히트로토무,나쁜음모,2,루카리오,2
히트로토무,나쁜음모,2,드닐레이브,3
히트로토무,나쁜음모,2,브리두라스,2
히트로토무,나쁜음모,2,타부자고,2
히트로토무,나쁜음모,2,따라큐,2
히트로토무,나쁜음모,2,고릴타,2
히트로토무,나쁜음모,2,킬가르도,2
히트로토무,나쁜음모,2,마스카나,2
히트로토무,나쁜음모,2,갸라도스,2
히트로토무,나쁜음모,2,아머까오,2
히트로토무,나쁜음모,2,킬라플로르,3
히트로토무,나쁜음모,2,대쓰여너,2
히트로토무,나쁜음모,2,리자몽,2
히트로토무,나쁜음모,2,포푸니크,2
히트로토무,나쁜음모,2,개굴닌자,2
히트로토무,나쁜음모,2,에이스번,3
히트로토무,나쁜음모,2,알로라 나인테일,2
히트로토무,나쁜음모,2,에써르(수컷),2
히트로토무,나쁜음모,2,워시로토무,3
히트로토무,나쁜음모,2,불카모스,3
히트로토무,나쁜음모,2,빠르모트,2
히트로토무,나쁜음모,2,라우드본,3
히트로토무,나쁜음모,2,삼삼드래,4
히트로토무,나쁜음모,2,메타그로스,2
히트로토무,나쁜음모,2,망나뇽,3
히트로토무,나쁜음모,2,님피아,3
히트로토무,나쁜음모,2,거북왕,2
히트로토무,나쁜음모,2,대도각참,2
히트로토무,나쁜음모,2,팬텀,2
히트로토무,나쁜음모,2,마폭시,3
히트로토무,나쁜음모,2,엠페르트,2
히트로토무,나쁜음모,2,번치코,3
히트로토무,나쁜음모,2,대짱이,4
히트로토무,나쁜음모,2,라이츄,2
히트로토무,나쁜음모,2,블래키,3
히트로토무,나쁜음모,2,다크펫,2
히트로토무,나쁜음모,2,더시마사리,3
히트로토무,나쁜음모,2,핫삼,2
히트로토무,나쁜음모,2,오롱털,2
히트로토무,나쁜음모,2,픽시,3
히트로토무,나쁜음모,2,카디나르마,3
히트로토무,나쁜음모,2,앱솔,2
히트로토무,나쁜음모,2,찌리배리,3
히트로토무,나쁜음모,2,맘모꾸리,2
히트로토무,나쁜음모,2,파라블레이즈,3
히트로토무,나쁜음모,2,패리퍼,2
히트로토무,나쁜음모,2,찌르호크,2
히트로토무,나쁜음모,2,대검귀,2
히트로토무,나쁜음모,2,마기라스,3
히트로토무,나쁜음모,2,이어롭,2
히트로토무,나쁜음모,2,플라엣테,3
히트로토무,나쁜음모,2,배바닐라,2
히트로토무,나쁜음모,2,드래펄트,3
히트로토무,나쁜음모,2,입치트,2
히트로토무,나쁜음모,2,메가니움,2
히트로토무,나쁜음모,2,메타몽,2
히트로토무,나쁜음모,2,이상해꽃,2
히트로토무,나쁜음모,2,밀로틱,3
히트로토무,나쁜음모,2,스코빌런,2
히트로토무,나쁜음모,2,아쿠스타,2
히트로토무,나쁜음모,2,몰드류,2
히트로토무,나쁜음모,2,조로아크(히스이),2
히트로토무,나쁜음모,2,미끄래곤(히스이),3
히트로토무,나쁜음모,2,잠만보,4
히트로토무,나쁜음모,2,무장조,3
히트로토무,나쁜음모,2,클레스퍼트라,2
히트로토무,나쁜음모,2,창파나이트,2
히트로토무,나쁜음모,2,우츠보트,2
히트로토무,나쁜음모,2,가라르야도킹,3
히트로토무,나쁜음모,2,깜까미,2
히트로토무,나쁜음모,2,엘풍,2
히트로토무,나쁜음모,2,저승갓숭,3
히트로토무,나쁜음모,2,스트린더(하이),2
히트로토무,나쁜음모,2,샤미드,3
히트로토무,나쁜음모,2,사마자르,2
히트로토무,나쁜음모,2,인텔리레온,2
히트로토무,나쁜음모,2,깨비물거미,2
히트로토무,나쁜음모,2,가디안,3
히트로토무,나쁜음모,2,왕구리,2
히트로토무,나쁜음모,2,엘레이드,3
히트로토무,나쁜음모,2,브리무음,2
히트로토무,나쁜음모,2,눈여아,2
히트로토무,나쁜음모,2,어흥염,3
히트로토무,나쁜음모,2,마릴리,2
히트로토무,나쁜음모,2,올리르바,2
히트로토무,나쁜음모,2,스트린더(로우),2
히트로토무,나쁜음모,2,펜드라,2
히트로토무,나쁜음모,2,화염레오,3
히트로토무,나쁜음모,2,윈디(히스이),3
히트로토무,나쁜음모,2,캥카,3
히트로토무,나쁜음모,2,꿈트렁,2
히트로토무,나쁜음모,2,에써르(암컷),2
히트로토무,나쁜음모,2,후딘,2
히트로토무,나쁜음모,2,드래캄,4
거북왕,껍질깨기,2,보만다,2
거북왕,껍질깨기,2,한카리아스,2
거북왕,껍질깨기,2,누리레느,4
거북왕,껍질깨기,2,갑주무사,3
거북왕,껍질깨기,2,하마돈,2
거북왕,껍질깨기,2,루카리오,2
거북왕,껍질깨기,2,드닐레이브,3
거북왕,껍질깨기,2,브리두라스,3
거북왕,껍질깨기,2,타부자고,3
거북왕,껍질깨기,2,따라큐,2
거북왕,껍질깨기,2,고릴타,3
거북왕,껍질깨기,2,킬가르도,3
거북왕,껍질깨기,2,마스카나,2
거북왕,껍질깨기,2,갸라도스,4
거북왕,껍질깨기,2,아머까오,3
거북왕,껍질깨기,2,킬라플로르,2
거북왕,껍질깨기,2,대쓰여너,3
거북왕,껍질깨기,2,리자몽,2
거북왕,껍질깨기,2,포푸니크,2
거북왕,껍질깨기,2,개굴닌자,3
거북왕,껍질깨기,2,에이스번,2
거북왕,껍질깨기,2,알로라 나인테일,2
거북왕,껍질깨기,2,에써르(수컷),2
거북왕,껍질깨기,2,워시로토무,3
거북왕,껍질깨기,2,불카모스,2
거북왕,껍질깨기,2,빠르모트,2
거북왕,껍질깨기,2,라우드본,2
거북왕,껍질깨기,2,삼삼드래,3
거북왕,껍질깨기,2,메타그로스,2
거북왕,껍질깨기,2,망나뇽,2
거북왕,껍질깨기,2,님피아,3
거북왕,껍질깨기,2,히트로토무,2
거북왕,껍질깨기,2,대도각참,2
거북왕,껍질깨기,2,팬텀,2
거북왕,껍질깨기,2,마폭시,2
거북왕,껍질깨기,2,엠페르트,3
거북왕,껍질깨기,2,번치코,2
거북왕,껍질깨기,2,대짱이,3
거북왕,껍질깨기,2,라이츄,2
거북왕,껍질깨기,2,블래키,3
거북왕,껍질깨기,2,다크펫,2
거북왕,껍질깨기,2,더시마사리,5
거북왕,껍질깨기,2,핫삼,3
거북왕,껍질깨기,2,오롱털,2
거북왕,껍질깨기,2,픽시,3
거북왕,껍질깨기,2,카디나르마,2
거북왕,껍질깨기,2,앱솔,2
거북왕,껍질깨기,2,찌리배리,3
거북왕,껍질깨기,2,맘모꾸리,2
거북왕,껍질깨기,2,파라블레이즈,2
거북왕,껍질깨기,2,패리퍼,3
거북왕,껍질깨기,2,찌르호크,3
거북왕,껍질깨기,2,대검귀,3
거북왕,껍질깨기,2,마기라스,2
거북왕,껍질깨기,2,이어롭,2
거북왕,껍질깨기,2,플라엣테,3
거북왕,껍질깨기,2,배바닐라,2
거북왕,껍질깨기,2,드래펄트,3
거북왕,껍질깨기,2,입치트,2
거북왕,껍질깨기,2,메가니움,3
거북왕,껍질깨기,2,메타몽,2
거북왕,껍질깨기,2,이상해꽃,3
거북왕,껍질깨기,2,밀로틱,5
거북왕,껍질깨기,2,스코빌런,2
거북왕,껍질깨기,2,아쿠스타,3
거북왕,껍질깨기,2,몰드류,2
거북왕,껍질깨기,2,조로아크(히스이),2
거북왕,껍질깨기,2,미끄래곤(히스이),3
거북왕,껍질깨기,2,잠만보,3
거북왕,껍질깨기,2,무장조,3
거북왕,껍질깨기,2,클레스퍼트라,2
거북왕,껍질깨기,2,창파나이트,2
거북왕,껍질깨기,2,우츠보트,3
거북왕,껍질깨기,2,가라르야도킹,3
거북왕,껍질깨기,2,깜까미,2
거북왕,껍질깨기,2,엘풍,2
거북왕,껍질깨기,2,저승갓숭,3
거북왕,껍질깨기,2,스트린더(하이),2
거북왕,껍질깨기,2,샤미드,6
거북왕,껍질깨기,2,사마자르,2
거북왕,껍질깨기,2,인텔리레온,3
거북왕,껍질깨기,2,깨비물거미,4
거북왕,껍질깨기,2,가디안,3
거북왕,껍질깨기,2,왕구리,4
거북왕,껍질깨기,2,엘레이드,3
거북왕,껍질깨기,2,브리무음,2
거북왕,껍질깨기,2,눈여아,2
거북왕,껍질깨기,2,어흥염,2
거북왕,껍질깨기,2,마릴리,3
거북왕,껍질깨기,2,올리르바,3
거북왕,껍질깨기,2,스트린더(로우),2
거북왕,껍질깨기,2,펜드라,2
거북왕,껍질깨기,2,화염레오,2
거북왕,껍질깨기,2,윈디(히스이),2
거북왕,껍질깨기,2,캥카,3
거북왕,껍질깨기,2,꿈트렁,2
거북왕,껍질깨기,2,에써르(암컷),2
거북왕,껍질깨기,2,후딘,2
거북왕,껍질깨기,2,드래캄,3
대도각참,칼춤,2,보만다,3
대도각참,칼춤,2,한카리아스,3
대도각참,칼춤,2,누리레느,2
대도각참,칼춤,2,갑주무사,3
대도각참,칼춤,2,하마돈,3
대도각참,칼춤,2,루카리오,2
대도각참,칼춤,2,드닐레이브,2
대도각참,칼춤,2,브리두라스,3
대도각참,칼춤,2,타부자고,2
대도각참,칼춤,2,따라큐,2
대도각참,칼춤,2,고릴타,3
대도각참,칼춤,2,킬가르도,2
대도각참,칼춤,2,마스카나,2
대도각참,칼춤,2,갸라도스,3
대도각참,칼춤,2,아머까오,3
대도각참,칼춤,2,킬라플로르,2
대도각참,칼춤,2,대쓰여너,2
대도각참,칼춤,2,리자몽,3
대도각참,칼춤,2,포푸니크,3
대도각참,칼춤,2,개굴닌자,2
대도각참,칼춤,2,에이스번,2
대도각참,칼춤,2,알로라 나인테일,2
대도각참,칼춤,2,에써르(수컷),2
대도각참,칼춤,2,워시로토무,2
대도각참,칼춤,2,불카모스,3
대도각참,칼춤,2,빠르모트,3
대도각참,칼춤,2,라우드본,2
대도각참,칼춤,2,삼삼드래,3
대도각참,칼춤,2,메타그로스,2
대도각참,칼춤,2,망나뇽,3
대도각참,칼춤,2,님피아,2
대도각참,칼춤,2,히트로토무,2
대도각참,칼춤,2,거북왕,3
대도각참,칼춤,2,팬텀,2
대도각참,칼춤,2,마폭시,2
대도각참,칼춤,2,엠페르트,3
대도각참,칼춤,2,번치코,3
대도각참,칼춤,2,대짱이,3
대도각참,칼춤,2,라이츄,2
대도각참,칼춤,2,블래키,3
대도각참,칼춤,2,다크펫,2
대도각참,칼춤,2,더시마사리,3
대도각참,칼춤,2,핫삼,3
대도각참,칼춤,2,오롱털,2
대도각참,칼춤,2,픽시,2
대도각참,칼춤,2,카디나르마,2
대도각참,칼춤,2,앱솔,2
대도각참,칼춤,2,찌리배리,3
대도각참,칼춤,2,맘모꾸리,2
대도각참,칼춤,2,파라블레이즈,2
대도각참,칼춤,2,패리퍼,3
대도각참,칼춤,2,찌르호크,3
대도각참,칼춤,2,대검귀,3
대도각참,칼춤,2,마기라스,2
대도각참,칼춤,2,이어롭,2
대도각참,칼춤,2,플라엣테,2
대도각참,칼춤,2,배바닐라,2
대도각참,칼춤,2,드래펄트,2
대도각참,칼춤,2,입치트,3
대도각참,칼춤,2,메가니움,3
대도각참,칼춤,2,메타몽,2
대도각참,칼춤,2,이상해꽃,3
대도각참,칼춤,2,밀로틱,3
대도각참,칼춤,2,스코빌런,2
대도각참,칼춤,2,아쿠스타,2
대도각참,칼춤,2,몰드류,2
대도각참,칼춤,2,조로아크(히스이),2
대도각참,칼춤,2,미끄래곤(히스이),3
대도각참,칼춤,2,잠만보,3
대도각참,칼춤,2,무장조,3
대도각참,칼춤,2,클레스퍼트라,2
대도각참,칼춤,2,창파나이트,3
대도각참,칼춤,2,우츠보트,3
대도각참,칼춤,2,가라르야도킹,2
대도각참,칼춤,2,깜까미,2
대도각참,칼춤,2,엘풍,2
대도각참,칼춤,2,저승갓숭,3
대도각참,칼춤,2,스트린더(하이),2
대도각참,칼춤,2,샤미드,3
대도각참,칼춤,2,사마자르,2
대도각참,칼춤,2,인텔리레온,2
대도각참,칼춤,2,깨비물거미,3
대도각참,칼춤,2,가디안,2
대도각참,칼춤,2,왕구리,2
대도각참,칼춤,2,엘레이드,2
대도각참,칼춤,2,브리무음,2
대도각참,칼춤,2,눈여아,2
대도각참,칼춤,2,어흥염,3
대도각참,칼춤,2,마릴리,3
대도각참,칼춤,2,올리르바,3
대도각참,칼춤,2,스트린더(로우),2
대도각참,칼춤,2,펜드라,2
대도각참,칼춤,2,화염레오,2
대도각참,칼춤,2,윈디(히스이),3
대도각참,칼춤,2,캥카,3
대도각참,칼춤,2,꿈트렁,3
대도각참,칼춤,2,에써르(암컷),2
대도각참,칼춤,2,후딘,2
대도각참,칼춤,2,드래캄,2
마폭시,나쁜음모,2,보만다,3
마폭시,나쁜음모,2,한카리아스,3
마폭시,나쁜음모,2,누리레느,3
마폭시,나쁜음모,2,갑주무사,2
마폭시,나쁜음모,2,하마돈,3
마폭시,나쁜음모,2,루카리오,2
마폭시,나쁜음모,2,드닐레이브,3
마폭시,나쁜음모,2,브리두라스,2
마폭시,나쁜음모,2,타부자고,2
마폭시,나쁜음모,2,따라큐,2
마폭시,나쁜음모,2,고릴타,2
마폭시,나쁜음모,2,킬가르도,2
마폭시,나쁜음모,2,마스카나,2
마폭시,나쁜음모,2,갸라도스,3
마폭시,나쁜음모,2,아머까오,2
마폭시,나쁜음모,2,킬라플로르,2
마폭시,나쁜음모,2,대쓰여너,3
마폭시,나쁜음모,2,리자몽,3
마폭시,나쁜음모,2,포푸니크,2
마폭시,나쁜음모,2,개굴닌자,2
마폭시,나쁜음모,2,에이스번,3
마폭시,나쁜음모,2,알로라 나인테일,2
마폭시,나쁜음모,2,에써르(수컷),2
마폭시,나쁜음모,2,워시로토무,3
마폭시,나쁜음모,2,불카모스,3
마폭시,나쁜음모,2,빠르모트,2
마폭시,나쁜음모,2,라우드본,3
마폭시,나쁜음모,2,삼삼드래,2
마폭시,나쁜음모,2,메타그로스,2
마폭시,나쁜음모,2,망나뇽,3
마폭시,나쁜음모,2,님피아,3
마폭시,나쁜음모,2,히트로토무,3
마폭시,나쁜음모,2,거북왕,3
마폭시,나쁜음모,2,대도각참,2
마폭시,나쁜음모,2,팬텀,2
마폭시,나쁜음모,2,엠페르트,3
마폭시,나쁜음모,2,번치코,2
마폭시,나쁜음모,2,대짱이,3
마폭시,나쁜음모,2,라이츄,2
마폭시,나쁜음모,2,블래키,3
마폭시,나쁜음모,2,다크펫,2
마폭시,나쁜음모,2,더시마사리,3
마폭시,나쁜음모,2,핫삼,2
마폭시,나쁜음모,2,오롱털,2
마폭시,나쁜음모,2,픽시,3
마폭시,나쁜음모,2,카디나르마,3
마폭시,나쁜음모,2,앱솔,2
마폭시,나쁜음모,2,찌리배리,3
마폭시,나쁜음모,2,맘모꾸리,2
마폭시,나쁜음모,2,파라블레이즈,3
마폭시,나쁜음모,2,패리퍼,3
마폭시,나쁜음모,2,찌르호크,2
마폭시,나쁜음모,2,대검귀,2
마폭시,나쁜음모,2,마기라스,3
마폭시,나쁜음모,2,이어롭,2
마폭시,나쁜음모,2,플라엣테,3
마폭시,나쁜음모,2,배바닐라,2
마폭시,나쁜음모,2,드래펄트,3
마폭시,나쁜음모,2,입치트,2
마폭시,나쁜음모,2,메가니움,2
마폭시,나쁜음모,2,메타몽,2
마폭시,나쁜음모,2,이상해꽃,2
마폭시,나쁜음모,2,밀로틱,4
마폭시,나쁜음모,2,스코빌런,2
마폭시,나쁜음모,2,아쿠스타,3
마폭시,나쁜음모,2,몰드류,2
마폭시,나쁜음모,2,조로아크(히스이),2
마폭시,나쁜음모,2,미끄래곤(히스이),3
마폭시,나쁜음모,2,잠만보,4
마폭시,나쁜음모,2,무장조,3
마폭시,나쁜음모,2,클레스퍼트라,2
마폭시,나쁜음모,2,창파나이트,2
마폭시,나쁜음모,2,우츠보트,2
마폭시,나쁜음모,2,가라르야도킹,3
마폭시,나쁜음모,2,깜까미,2
마폭시,나쁜음모,2,엘풍,2
마폭시,나쁜음모,2,저승갓숭,2
마폭시,나쁜음모,2,스트린더(하이),2
마폭시,나쁜음모,2,샤미드,4
마폭시,나쁜음모,2,사마자르,2
마폭시,나쁜음모,2,인텔리레온,3
마폭시,나쁜음모,2,깨비물거미,3
마폭시,나쁜음모,2,가디안,3
마폭시,나쁜음모,2,왕구리,3
마폭시,나쁜음모,2,엘레이드,3
마폭시,나쁜음모,2,브리무음,2
마폭시,나쁜음모,2,눈여아,2
마폭시,나쁜음모,2,어흥염,4
마폭시,나쁜음모,2,마릴리,3
마폭시,나쁜음모,2,올리르바,2
마폭시,나쁜음모,2,스트린더(로우),2
마폭시,나쁜음모,2,펜드라,2
마폭시,나쁜음모,2,화염레오,3
마폭시,나쁜음모,2,윈디(히스이),3
마폭시,나쁜음모,2,캥카,2
마폭시,나쁜음모,2,꿈트렁,2
마폭시,나쁜음모,2,에써르(암컷),2
마폭시,나쁜음모,2,후딘,2
마폭시,나쁜음모,2,드래캄,2
번치코,칼춤,2,보만다,3
번치코,칼춤,2,한카리아스,2
번치코,칼춤,2,누리레느,2
번치코,칼춤,2,갑주무사,2
번치코,칼춤,2,하마돈,3
번치코,칼춤,2,루카리오,2
번치코,칼춤,2,드닐레이브,2
번치코,칼춤,2,브리두라스,2
번치코,칼춤,2,타부자고,2
번치코,칼춤,2,따라큐,2
번치코,칼춤,2,고릴타,2
번치코,칼춤,2,킬가르도,2
번치코,칼춤,2,마스카나,2
번치코,칼춤,2,갸라도스,2
번치코,칼춤,2,아머까오,2
번치코,칼춤,2,킬라플로르,2
번치코,칼춤,2,대쓰여너,2
번치코,칼춤,2,리자몽,2
번치코,칼춤,2,포푸니크,2
번치코,칼춤,2,개굴닌자,2
번치코,칼춤,2,에이스번,2
번치코,칼춤,2,알로라 나인테일,2
번치코,칼춤,2,에써르(수컷),2
번치코,칼춤,2,워시로토무,2
번치코,칼춤,2,불카모스,2
번치코,칼춤,2,빠르모트,2
번치코,칼춤,2,라우드본,3
번치코,칼춤,2,삼삼드래,2
번치코,칼춤,2,메타그로스,2
번치코,칼춤,2,망나뇽,2
번치코,칼춤,2,님피아,2
번치코,칼춤,2,히트로토무,2
번치코,칼춤,2,거북왕,2
번치코,칼춤,2,대도각참,2
번치코,칼춤,2,팬텀,2
번치코,칼춤,2,마폭시,2
번치코,칼춤,2,엠페르트,2
번치코,칼춤,2,대짱이,2
번치코,칼춤,2,라이츄,2
번치코,칼춤,2,블래키,2
번치코,칼춤,2,다크펫,2
번치코,칼춤,2,더시마사리,3
번치코,칼춤,2,핫삼,2
번치코,칼춤,2,오롱털,2
번치코,칼춤,2,픽시,2
번치코,칼춤,2,카디나르마,2
번치코,칼춤,2,앱솔,2
번치코,칼춤,2,찌리배리,3
번치코,칼춤,2,맘모꾸리,2
번치코,칼춤,2,파라블레이즈,2
번치코,칼춤,2,패리퍼,2
번치코,칼춤,2,찌르호크,3
번치코,칼춤,2,대검귀,2
번치코,칼춤,2,마기라스,2
번치코,칼춤,2,이어롭,2
번치코,칼춤,2,플라엣테,2
번치코,칼춤,2,배바닐라,2
번치코,칼춤,2,드래펄트,3
번치코,칼춤,2,입치트,2
번치코,칼춤,2,메가니움,2
번치코,칼춤,2,메타몽,2
번치코,칼춤,2,이상해꽃,2
번치코,칼춤,2,밀로틱,2
번치코,칼춤,2,스코빌런,2
번치코,칼춤,2,아쿠스타,2
번치코,칼춤,2,몰드류,2
번치코,칼춤,2,조로아크(히스이),2
번치코,칼춤,2,미끄래곤(히스이),2
번치코,칼춤,2,잠만보,2
번치코,칼춤,2,무장조,3
번치코,칼춤,2,클레스퍼트라,2
번치코,칼춤,2,창파나이트,2
번치코,칼춤,2,우츠보트,2
번치코,칼춤,2,가라르야도킹,2
번치코,칼춤,2,깜까미,2
번치코,칼춤,2,엘풍,2
번치코,칼춤,2,저승갓숭,2
번치코,칼춤,2,스트린더(하이),2
번치코,칼춤,2,샤미드,2
번치코,칼춤,2,사마자르,2
번치코,칼춤,2,인텔리레온,2
번치코,칼춤,2,깨비물거미,2
번치코,칼춤,2,가디안,2
번치코,칼춤,2,왕구리,2
번치코,칼춤,2,엘레이드,2
번치코,칼춤,2,브리무음,2
번치코,칼춤,2,눈여아,2
번치코,칼춤,2,어흥염,2
번치코,칼춤,2,마릴리,2
번치코,칼춤,2,올리르바,2
번치코,칼춤,2,스트린더(로우),2
번치코,칼춤,2,펜드라,2
번치코,칼춤,2,화염레오,2
번치코,칼춤,2,윈디(히스이),2
번치코,칼춤,2,캥카,2
번치코,칼춤,2,꿈트렁,2
번치코,칼춤,2,에써르(암컷),2
번치코,칼춤,2,후딘,2
번치코,칼춤,2,드래캄,2
라이츄,나쁜음모,2,보만다,3
라이츄,나쁜음모,2,한카리아스,3
라이츄,나쁜음모,2,누리레느,2
라이츄,나쁜음모,2,갑주무사,2
라이츄,나쁜음모,2,하마돈,3
라이츄,나쁜음모,2,루카리오,2
라이츄,나쁜음모,2,드닐레이브,2
라이츄,나쁜음모,2,브리두라스,2
라이츄,나쁜음모,2,타부자고,3
라이츄,나쁜음모,2,따라큐,3
라이츄,나쁜음모,2,고릴타,3
라이츄,나쁜음모,2,킬가르도,3
라이츄,나쁜음모,2,마스카나,2
라이츄,나쁜음모,2,갸라도스,2
라이츄,나쁜음모,2,아머까오,2
라이츄,나쁜음모,2,킬라플로르,3
라이츄,나쁜음모,2,대쓰여너,2
라이츄,나쁜음모,2,리자몽,2
라이츄,나쁜음모,2,포푸니크,3
라이츄,나쁜음모,2,개굴닌자,2
라이츄,나쁜음모,2,에이스번,3
라이츄,나쁜음모,2,알로라 나인테일,3
라이츄,나쁜음모,2,에써르(수컷),3
라이츄,나쁜음모,2,워시로토무,3
라이츄,나쁜음모,2,불카모스,3
라이츄,나쁜음모,2,빠르모트,2
라이츄,나쁜음모,2,라우드본,3
라이츄,나쁜음모,2,삼삼드래,2
라이츄,나쁜음모,2,메타그로스,3
라이츄,나쁜음모,2,망나뇽,3
라이츄,나쁜음모,2,님피아,4
라이츄,나쁜음모,2,히트로토무,3
라이츄,나쁜음모,2,거북왕,2
라이츄,나쁜음모,2,대도각참,2
라이츄,나쁜음모,2,팬텀,2
라이츄,나쁜음모,2,마폭시,3
라이츄,나쁜음모,2,엠페르트,2
라이츄,나쁜음모,2,번치코,2
라이츄,나쁜음모,2,대짱이,2
라이츄,나쁜음모,2,블래키,3
라이츄,나쁜음모,2,다크펫,2
라이츄,나쁜음모,2,더시마사리,2
라이츄,나쁜음모,2,핫삼,3
라이츄,나쁜음모,2,오롱털,3
라이츄,나쁜음모,2,픽시,3
라이츄,나쁜음모,2,카디나르마,3
라이츄,나쁜음모,2,앱솔,2
라이츄,나쁜음모,2,찌리배리,4
라이츄,나쁜음모,2,맘모꾸리,2
라이츄,나쁜음모,2,파라블레이즈,3
라이츄,나쁜음모,2,패리퍼,2
라이츄,나쁜음모,2,찌르호크,2
라이츄,나쁜음모,2,대검귀,2
라이츄,나쁜음모,2,마기라스,2
라이츄,나쁜음모,2,이어롭,2
라이츄,나쁜음모,2,플라엣테,3
라이츄,나쁜음모,2,배바닐라,2
라이츄,나쁜음모,2,드래펄트,3
라이츄,나쁜음모,2,입치트,2
라이츄,나쁜음모,2,메가니움,4
라이츄,나쁜음모,2,메타몽,2
라이츄,나쁜음모,2,이상해꽃,5
라이츄,나쁜음모,2,밀로틱,3
라이츄,나쁜음모,2,스코빌런,3
라이츄,나쁜음모,2,아쿠스타,2
라이츄,나쁜음모,2,몰드류,2
라이츄,나쁜음모,2,조로아크(히스이),2
라이츄,나쁜음모,2,미끄래곤(히스이),3
라이츄,나쁜음모,2,잠만보,3
라이츄,나쁜음모,2,무장조,3
라이츄,나쁜음모,2,클레스퍼트라,2
라이츄,나쁜음모,2,창파나이트,2
라이츄,나쁜음모,2,우츠보트,4
라이츄,나쁜음모,2,가라르야도킹,3
라이츄,나쁜음모,2,깜까미,2
라이츄,나쁜음모,2,엘풍,3
라이츄,나쁜음모,2,저승갓숭,3
라이츄,나쁜음모,2,스트린더(하이),3
라이츄,나쁜음모,2,샤미드,3
라이츄,나쁜음모,2,사마자르,2
라이츄,나쁜음모,2,인텔리레온,2
라이츄,나쁜음모,2,깨비물거미,2
라이츄,나쁜음모,2,가디안,3
라이츄,나쁜음모,2,왕구리,2
라이츄,나쁜음모,2,엘레이드,3
라이츄,나쁜음모,2,브리무음,3
라이츄,나쁜음모,2,눈여아,2
라이츄,나쁜음모,2,어흥염,2
라이츄,나쁜음모,2,마릴리,2
라이츄,나쁜음모,2,올리르바,3
라이츄,나쁜음모,2,스트린더(로우),3
라이츄,나쁜음모,2,펜드라,2
라이츄,나쁜음모,2,화염레오,2
라이츄,나쁜음모,2,윈디(히스이),2
라이츄,나쁜음모,2,캥카,2
라이츄,나쁜음모,2,꿈트렁,2
라이츄,나쁜음모,2,에써르(암컷),3
라이츄,나쁜음모,2,후딘,3
라이츄,나쁜음모,2,드래캄,4
핫삼,칼춤,2,보만다,4
핫삼,칼춤,2,한카리아스,3
핫삼,칼춤,2,누리레느,3
핫삼,칼춤,2,갑주무사,2
핫삼,칼춤,2,하마돈,3
핫삼,칼춤,2,루카리오,2
핫삼,칼춤,2,드닐레이브,2
핫삼,칼춤,2,브리두라스,3
핫삼,칼춤,2,타부자고,3
핫삼,칼춤,2,따라큐,2
핫삼,칼춤,2,고릴타,2
핫삼,칼춤,2,킬가르도,3
핫삼,칼춤,2,마스카나,2
핫삼,칼춤,2,갸라도스,3
핫삼,칼춤,2,아머까오,4
핫삼,칼춤,2,킬라플로르,3
핫삼,칼춤,2,대쓰여너,3
핫삼,칼춤,2,리자몽,3
핫삼,칼춤,2,포푸니크,2
핫삼,칼춤,2,개굴닌자,2
핫삼,칼춤,2,에이스번,3
핫삼,칼춤,2,알로라 나인테일,2
핫삼,칼춤,2,에써르(수컷),2
핫삼,칼춤,2,워시로토무,3
핫삼,칼춤,2,불카모스,2
핫삼,칼춤,2,빠르모트,3
핫삼,칼춤,2,라우드본,4
핫삼,칼춤,2,삼삼드래,2
핫삼,칼춤,2,메타그로스,3
핫삼,칼춤,2,망나뇽,4
핫삼,칼춤,2,님피아,3
핫삼,칼춤,2,히트로토무,3
핫삼,칼춤,2,거북왕,3
핫삼,칼춤,2,대도각참,2
핫삼,칼춤,2,팬텀,3
핫삼,칼춤,2,마폭시,3
핫삼,칼춤,2,엠페르트,2
핫삼,칼춤,2,번치코,2
핫삼,칼춤,2,대짱이,3
핫삼,칼춤,2,라이츄,2
핫삼,칼춤,2,블래키,3
핫삼,칼춤,2,다크펫,2
핫삼,칼춤,2,더시마사리,4
핫삼,칼춤,2,오롱털,2
핫삼,칼춤,2,픽시,3
핫삼,칼춤,2,카디나르마,3
핫삼,칼춤,2,앱솔,2
핫삼,칼춤,2,찌리배리,4
핫삼,칼춤,2,맘모꾸리,2
핫삼,칼춤,2,파라블레이즈,3
핫삼,칼춤,2,패리퍼,3
핫삼,칼춤,2,찌르호크,4
핫삼,칼춤,2,대검귀,2
핫삼,칼춤,2,마기라스,2
핫삼,칼춤,2,이어롭,2
핫삼,칼춤,2,플라엣테,2
핫삼,칼춤,2,배바닐라,2
핫삼,칼춤,2,드래펄트,3
핫삼,칼춤,2,입치트,3
핫삼,칼춤,2,메가니움,2
핫삼,칼춤,2,메타몽,2
핫삼,칼춤,2,이상해꽃,2
핫삼,칼춤,2,밀로틱,3
핫삼,칼춤,2,스코빌런,2
핫삼,칼춤,2,아쿠스타,2
핫삼,칼춤,2,몰드류,2
핫삼,칼춤,2,조로아크(히스이),2
핫삼,칼춤,2,미끄래곤(히스이),2
핫삼,칼춤,2,잠만보,2
핫삼,칼춤,2,무장조,4
핫삼,칼춤,2,클레스퍼트라,2
핫삼,칼춤,2,창파나이트,2
핫삼,칼춤,2,우츠보트,2
핫삼,칼춤,2,가라르야도킹,3
핫삼,칼춤,2,깜까미,3
핫삼,칼춤,2,엘풍,2
핫삼,칼춤,2,저승갓숭,2
핫삼,칼춤,2,스트린더(하이),4
핫삼,칼춤,2,샤미드,3
핫삼,칼춤,2,사마자르,2
핫삼,칼춤,2,인텔리레온,3
핫삼,칼춤,2,깨비물거미,2
핫삼,칼춤,2,가디안,2
핫삼,칼춤,2,왕구리,3
핫삼,칼춤,2,엘레이드,2
핫삼,칼춤,2,브리무음,3
핫삼,칼춤,2,눈여아,2
핫삼,칼춤,2,어흥염,3
핫삼,칼춤,2,마릴리,3
핫삼,칼춤,2,올리르바,2
핫삼,칼춤,2,스트린더(로우),4
핫삼,칼춤,2,펜드라,2
핫삼,칼춤,2,화염레오,2
핫삼,칼춤,2,윈디(히스이),2
핫삼,칼춤,2,캥카,2
핫삼,칼춤,2,꿈트렁,2
핫삼,칼춤,2,에써르(암컷),2
핫삼,칼춤,2,후딘,2
핫삼,칼춤,2,드래캄,3
픽시,명상,1.5,보만다,3
픽시,명상,1.5,한카리아스,3
픽시,명상,1.5,누리레느,5
픽시,명상,1.5,갑주무사,4
픽시,명상,1.5,하마돈,4
픽시,명상,1.5,루카리오,3
픽시,명상,1.5,드닐레이브,3
픽시,명상,1.5,브리두라스,4
픽시,명상,1.5,타부자고,4
픽시,명상,1.5,따라큐,4
픽시,명상,1.5,고릴타,3
픽시,명상,1.5,킬가르도,4
픽시,명상,1.5,마스카나,3
픽시,명상,1.5,갸라도스,4
픽시,명상,1.5,아머까오,4
픽시,명상,1.5,킬라플로르,6
픽시,명상,1.5,대쓰여너,4
픽시,명상,1.5,리자몽,7
픽시,명상,1.5,포푸니크,4
픽시,명상,1.5,개굴닌자,3
픽시,명상,1.5,에이스번,6
픽시,명상,1.5,알로라 나인테일,4
픽시,명상,1.5,에써르(수컷),4
픽시,명상,1.5,워시로토무,4
픽시,명상,1.5,불카모스,7
픽시,명상,1.5,빠르모트,2
픽시,명상,1.5,라우드본,9
픽시,명상,1.5,삼삼드래,2
픽시,명상,1.5,메타그로스,4
픽시,명상,1.5,망나뇽,3
픽시,명상,1.5,님피아,6
픽시,명상,1.5,히트로토무,6
픽시,명상,1.5,거북왕,4
픽시,명상,1.5,대도각참,4
픽시,명상,1.5,팬텀,5
픽시,명상,1.5,마폭시,7
픽시,명상,1.5,엠페르트,6
픽시,명상,1.5,번치코,4
픽시,명상,1.5,대짱이,4
픽시,명상,1.5,라이츄,4
픽시,명상,1.5,블래키,4
픽시,명상,1.5,다크펫,3
픽시,명상,1.5,더시마사리,10
픽시,명상,1.5,핫삼,3
픽시,명상,1.5,오롱털,3
픽시,명상,1.5,카디나르마,6
픽시,명상,1.5,앱솔,2
픽시,명상,1.5,찌리배리,5
픽시,명상,1.5,맘모꾸리,4
픽시,명상,1.5,파라블레이즈,7
픽시,명상,1.5,패리퍼,4
픽시,명상,1.5,찌르호크,4
픽시,명상,1.5,대검귀,3
픽시,명상,1.5,마기라스,3
픽시,명상,1.5,이어롭,4
픽시,명상,1.5,플라엣테,5
픽시,명상,1.5,배바닐라,3
픽시,명상,1.5,드래펄트,3
픽시,명상,1.5,입치트,3
픽시,명상,1.5,메가니움,4
픽시,명상,1.5,메타몽,3
픽시,명상,1.5,이상해꽃,4
픽시,명상,1.5,밀로틱,6
픽시,명상,1.5,스코빌런,5
픽시,명상,1.5,아쿠스타,4
픽시,명상,1.5,몰드류,3
픽시,명상,1.5,조로아크(히스이),3
픽시,명상,1.5,미끄래곤(히스이),5
픽시,명상,1.5,잠만보,6
픽시,명상,1.5,무장조,4
픽시,명상,1.5,클레스퍼트라,4
픽시,명상,1.5,창파나이트,3
픽시,명상,1.5,우츠보트,4
픽시,명상,1.5,가라르야도킹,8
픽시,명상,1.5,깜까미,3
픽시,명상,1.5,엘풍,3
픽시,명상,1.5,저승갓숭,3
픽시,명상,1.5,스트린더(하이),5
픽시,명상,1.5,샤미드,6
픽시,명상,1.5,사마자르,4
픽시,명상,1.5,인텔리레온,3
픽시,명상,1.5,깨비물거미,5
픽시,명상,1.5,가디안,4
픽시,명상,1.5,왕구리,4
픽시,명상,1.5,엘레이드,3
픽시,명상,1.5,브리무음,4
픽시,명상,1.5,눈여아,3
픽시,명상,1.5,어흥염,4
픽시,명상,1.5,마릴리,4
픽시,명상,1.5,올리르바,4
픽시,명상,1.5,스트린더(로우),5
픽시,명상,1.5,펜드라,3
픽시,명상,1.5,화염레오,6
픽시,명상,1.5,윈디(히스이),7
픽시,명상,1.5,캥카,4
픽시,명상,1.5,꿈트렁,3
픽시,명상,1.5,에써르(암컷),4
픽시,명상,1.5,후딘,4
픽시,명상,1.5,드래캄,4
카디나르마,명상,1.5,보만다,4
카디나르마,명상,1.5,한카리아스,3
카디나르마,명상,1.5,누리레느,3
카디나르마,명상,1.5,갑주무사,3
카디나르마,명상,1.5,하마돈,3
카디나르마,명상,1.5,루카리오,2
카디나르마,명상,1.5,드닐레이브,3
카디나르마,명상,1.5,브리두라스,2
카디나르마,명상,1.5,타부자고,2
카디나르마,명상,1.5,따라큐,3
카디나르마,명상,1.5,고릴타,2
카디나르마,명상,1.5,킬가르도,2
카디나르마,명상,1.5,마스카나,2
카디나르마,명상,1.5,갸라도스,3
카디나르마,명상,1.5,아머까오,2
카디나르마,명상,1.5,킬라플로르,2
카디나르마,명상,1.5,대쓰여너,3
카디나르마,명상,1.5,리자몽,3
카디나르마,명상,1.5,포푸니크,2
카디나르마,명상,1.5,개굴닌자,2
카디나르마,명상,1.5,에이스번,3
카디나르마,명상,1.5,알로라 나인테일,2
카디나르마,명상,1.5,에써르(수컷),3
카디나르마,명상,1.5,워시로토무,3
카디나르마,명상,1.5,불카모스,3
카디나르마,명상,1.5,빠르모트,2
카디나르마,명상,1.5,라우드본,4
카디나르마,명상,1.5,삼삼드래,2
카디나르마,명상,1.5,메타그로스,2
카디나르마,명상,1.5,망나뇽,4
카디나르마,명상,1.5,님피아,4
카디나르마,명상,1.5,히트로토무,3
카디나르마,명상,1.5,거북왕,3
카디나르마,명상,1.5,대도각참,2
카디나르마,명상,1.5,팬텀,2
카디나르마,명상,1.5,마폭시,4
카디나르마,명상,1.5,엠페르트,3
카디나르마,명상,1.5,번치코,2
카디나르마,명상,1.5,대짱이,2
카디나르마,명상,1.5,라이츄,3
카디나르마,명상,1.5,블래키,3
카디나르마,명상,1.5,다크펫,2
카디나르마,명상,1.5,더시마사리,3
카디나르마,명상,1.5,핫삼,2
카디나르마,명상,1.5,오롱털,3
카디나르마,명상,1.5,픽시,3
카디나르마,명상,1.5,앱솔,2
카디나르마,명상,1.5,찌리배리,3
카디나르마,명상,1.5,맘모꾸리,2
카디나르마,명상,1.5,파라블레이즈,3
카디나르마,명상,1.5,패리퍼,3
카디나르마,명상,1.5,찌르호크,3
카디나르마,명상,1.5,대검귀,2
카디나르마,명상,1.5,마기라스,2
카디나르마,명상,1.5,이어롭,2
카디나르마,명상,1.5,플라엣테,3
카디나르마,명상,1.5,배바닐라,2
카디나르마,명상,1.5,드래펄트,3
카디나르마,명상,1.5,입치트,2
카디나르마,명상,1.5,메가니움,2
카디나르마,명상,1.5,메타몽,2
카디나르마,명상,1.5,이상해꽃,2
카디나르마,명상,1.5,밀로틱,4
카디나르마,명상,1.5,스코빌런,3
카디나르마,명상,1.5,아쿠스타,3
카디나르마,명상,1.5,몰드류,2
카디나르마,명상,1.5,조로아크(히스이),2
카디나르마,명상,1.5,미끄래곤(히스이),3
카디나르마,명상,1.5,잠만보,3
카디나르마,명상,1.5,무장조,3
카디나르마,명상,1.5,클레스퍼트라,3
카디나르마,명상,1.5,창파나이트,2
카디나르마,명상,1.5,우츠보트,2
카디나르마,명상,1.5,가라르야도킹,3
카디나르마,명상,1.5,깜까미,3
카디나르마,명상,1.5,엘풍,2
카디나르마,명상,1.5,저승갓숭,3
카디나르마,명상,1.5,스트린더(하이),2
카디나르마,명상,1.5,샤미드,4
카디나르마,명상,1.5,사마자르,3
카디나르마,명상,1.5,인텔리레온,2
카디나르마,명상,1.5,깨비물거미,3
카디나르마,명상,1.5,가디안,3
카디나르마,명상,1.5,왕구리,3
카디나르마,명상,1.5,엘레이드,3
카디나르마,명상,1.5,브리무음,3
카디나르마,명상,1.5,눈여아,2
카디나르마,명상,1.5,어흥염,3
카디나르마,명상,1.5,마릴리,3
카디나르마,명상,1.5,올리르바,2
카디나르마,명상,1.5,스트린더(로우),2
카디나르마,명상,1.5,펜드라,2
카디나르마,명상,1.5,화염레오,2
카디나르마,명상,1.5,윈디(히스이),2
카디나르마,명상,1.5,캥카,3
카디나르마,명상,1.5,꿈트렁,2
카디나르마,명상,1.5,에써르(암컷),3
카디나르마,명상,1.5,후딘,3
카디나르마,명상,1.5,드래캄,2
앱솔,칼춤,2,보만다,2
앱솔,칼춤,2,한카리아스,2
앱솔,칼춤,2,누리레느,3
앱솔,칼춤,2,갑주무사,3
앱솔,칼춤,2,하마돈,3
앱솔,칼춤,2,루카리오,2
앱솔,칼춤,2,드닐레이브,2
앱솔,칼춤,2,브리두라스,2
앱솔,칼춤,2,타부자고,3
앱솔,칼춤,2,따라큐,3
앱솔,칼춤,2,고릴타,3
앱솔,칼춤,2,킬가르도,2
앱솔,칼춤,2,마스카나,2
앱솔,칼춤,2,갸라도스,3
앱솔,칼춤,2,아머까오,4
앱솔,칼춤,2,킬라플로르,3
앱솔,칼춤,2,대쓰여너,2
앱솔,칼춤,2,리자몽,2
앱솔,칼춤,2,포푸니크,2
앱솔,칼춤,2,개굴닌자,2
앱솔,칼춤,2,에이스번,2
앱솔,칼춤,2,알로라 나인테일,2
앱솔,칼춤,2,에써르(수컷),2
앱솔,칼춤,2,워시로토무,3
앱솔,칼춤,2,불카모스,2
앱솔,칼춤,2,빠르모트,2
앱솔,칼춤,2,라우드본,3
앱솔,칼춤,2,삼삼드래,2
앱솔,칼춤,2,메타그로스,2
앱솔,칼춤,2,망나뇽,2
앱솔,칼춤,2,님피아,3
앱솔,칼춤,2,히트로토무,2
앱솔,칼춤,2,거북왕,3
앱솔,칼춤,2,대도각참,2
앱솔,칼춤,2,팬텀,2
앱솔,칼춤,2,마폭시,2
앱솔,칼춤,2,엠페르트,2
앱솔,칼춤,2,번치코,2
앱솔,칼춤,2,대짱이,3
앱솔,칼춤,2,라이츄,2
앱솔,칼춤,2,블래키,3
앱솔,칼춤,2,다크펫,2
앱솔,칼춤,2,더시마사리,3
앱솔,칼춤,2,핫삼,3
앱솔,칼춤,2,오롱털,2
앱솔,칼춤,2,픽시,4
앱솔,칼춤,2,카디나르마,2
앱솔,칼춤,2,찌리배리,4
앱솔,칼춤,2,맘모꾸리,2
앱솔,칼춤,2,파라블레이즈,2
앱솔,칼춤,2,패리퍼,2
앱솔,칼춤,2,찌르호크,3
앱솔,칼춤,2,대검귀,2
앱솔,칼춤,2,마기라스,2
앱솔,칼춤,2,이어롭,2
앱솔,칼춤,2,플라엣테,3
앱솔,칼춤,2,배바닐라,2
앱솔,칼춤,2,드래펄트,2
앱솔,칼춤,2,입치트,3
앱솔,칼춤,2,메가니움,3
앱솔,칼춤,2,메타몽,2
앱솔,칼춤,2,이상해꽃,3
앱솔,칼춤,2,밀로틱,3
앱솔,칼춤,2,스코빌런,2
앱솔,칼춤,2,아쿠스타,2
앱솔,칼춤,2,몰드류,2
앱솔,칼춤,2,조로아크(히스이),2
앱솔,칼춤,2,미끄래곤(히스이),2
앱솔,칼춤,2,잠만보,2
앱솔,칼춤,2,무장조,4
앱솔,칼춤,2,클레스퍼트라,2
앱솔,칼춤,2,창파나이트,2
앱솔,칼춤,2,우츠보트,3
앱솔,칼춤,2,가라르야도킹,2
앱솔,칼춤,2,깜까미,2
앱솔,칼춤,2,엘풍,3
앱솔,칼춤,2,저승갓숭,3
앱솔,칼춤,2,스트린더(하이),2
앱솔,칼춤,2,샤미드,3
앱솔,칼춤,2,사마자르,2
앱솔,칼춤,2,인텔리레온,3
앱솔,칼춤,2,깨비물거미,2
앱솔,칼춤,2,가디안,3
앱솔,칼춤,2,왕구리,3
앱솔,칼춤,2,엘레이드,2
앱솔,칼춤,2,브리무음,3
앱솔,칼춤,2,눈여아,2
앱솔,칼춤,2,어흥염,3
앱솔,칼춤,2,마릴리,3
앱솔,칼춤,2,올리르바,2
앱솔,칼춤,2,스트린더(로우),2
앱솔,칼춤,2,펜드라,2
앱솔,칼춤,2,화염레오,2
앱솔,칼춤,2,윈디(히스이),2
앱솔,칼춤,2,캥카,2
앱솔,칼춤,2,꿈트렁,2
앱솔,칼춤,2,에써르(암컷),2
앱솔,칼춤,2,후딘,2
앱솔,칼춤,2,드래캄,3
파라블레이즈,칼춤,2,보만다,3
파라블레이즈,칼춤,2,한카리아스,3
파라블레이즈,칼춤,2,누리레느,2
파라블레이즈,칼춤,2,갑주무사,3
파라블레이즈,칼춤,2,하마돈,3
파라블레이즈,칼춤,2,루카리오,2
파라블레이즈,칼춤,2,드닐레이브,2
파라블레이즈,칼춤,2,브리두라스,2
파라블레이즈,칼춤,2,타부자고,2
파라블레이즈,칼춤,2,따라큐,2
파라블레이즈,칼춤,2,고릴타,2
파라블레이즈,칼춤,2,킬가르도,2
파라블레이즈,칼춤,2,마스카나,2
파라블레이즈,칼춤,2,갸라도스,3
파라블레이즈,칼춤,2,아머까오,3
파라블레이즈,칼춤,2,킬라플로르,3
파라블레이즈,칼춤,2,대쓰여너,2
파라블레이즈,칼춤,2,리자몽,3
파라블레이즈,칼춤,2,포푸니크,2
파라블레이즈,칼춤,2,개굴닌자,2
파라블레이즈,칼춤,2,에이스번,2
파라블레이즈,칼춤,2,알로라 나인테일,2
파라블레이즈,칼춤,2,에써르(수컷),2
파라블레이즈,칼춤,2,워시로토무,2
파라블레이즈,칼춤,2,불카모스,3
파라블레이즈,칼춤,2,빠르모트,2
파라블레이즈,칼춤,2,라우드본,2
파라블레이즈,칼춤,2,삼삼드래,2
파라블레이즈,칼춤,2,메타그로스,2
파라블레이즈,칼춤,2,망나뇽,3
파라블레이즈,칼춤,2,님피아,3
파라블레이즈,칼춤,2,히트로토무,2
파라블레이즈,칼춤,2,거북왕,3
파라블레이즈,칼춤,2,대도각참,2
파라블레이즈,칼춤,2,팬텀,2
파라블레이즈,칼춤,2,마폭시,2
파라블레이즈,칼춤,2,엠페르트,2
파라블레이즈,칼춤,2,번치코,2
파라블레이즈,칼춤,2,대짱이,3
파라블레이즈,칼춤,2,라이츄,2
파라블레이즈,칼춤,2,블래키,3
파라블레이즈,칼춤,2,다크펫,2
파라블레이즈,칼춤,2,더시마사리,3
파라블레이즈,칼춤,2,핫삼,2
파라블레이즈,칼춤,2,오롱털,3
파라블레이즈,칼춤,2,픽시,3
파라블레이즈,칼춤,2,카디나르마,2
파라블레이즈,칼춤,2,앱솔,2
파라블레이즈,칼춤,2,찌리배리,3
파라블레이즈,칼춤,2,맘모꾸리,2
파라블레이즈,칼춤,2,패리퍼,3
파라블레이즈,칼춤,2,찌르호크,4
파라블레이즈,칼춤,2,대검귀,2
파라블레이즈,칼춤,2,마기라스,2
파라블레이즈,칼춤,2,이어롭,2
파라블레이즈,칼춤,2,플라엣테,2
파라블레이즈,칼춤,2,배바닐라,2
파라블레이즈,칼춤,2,드래펄트,2
파라블레이즈,칼춤,2,입치트,2
파라블레이즈,칼춤,2,메가니움,2
파라블레이즈,칼춤,2,메타몽,2
파라블레이즈,칼춤,2,이상해꽃,2
파라블레이즈,칼춤,2,밀로틱,3
파라블레이즈,칼춤,2,스코빌런,2
파라블레이즈,칼춤,2,아쿠스타,2
파라블레이즈,칼춤,2,몰드류,2
파라블레이즈,칼춤,2,조로아크(히스이),2
파라블레이즈,칼춤,2,미끄래곤(히스이),2
파라블레이즈,칼춤,2,잠만보,2
파라블레이즈,칼춤,2,무장조,3
파라블레이즈,칼춤,2,클레스퍼트라,2
파라블레이즈,칼춤,2,창파나이트,2
파라블레이즈,칼춤,2,우츠보트,2
파라블레이즈,칼춤,2,가라르야도킹,2
파라블레이즈,칼춤,2,깜까미,2
파라블레이즈,칼춤,2,엘풍,2
파라블레이즈,칼춤,2,저승갓숭,2
파라블레이즈,칼춤,2,스트린더(하이),2
파라블레이즈,칼춤,2,샤미드,3
파라블레이즈,칼춤,2,사마자르,2
파라블레이즈,칼춤,2,인텔리레온,2
파라블레이즈,칼춤,2,깨비물거미,2
파라블레이즈,칼춤,2,가디안,2
파라블레이즈,칼춤,2,왕구리,2
파라블레이즈,칼춤,2,엘레이드,2
파라블레이즈,칼춤,2,브리무음,2
파라블레이즈,칼춤,2,눈여아,2
파라블레이즈,칼춤,2,어흥염,3
파라블레이즈,칼춤,2,마릴리,3
파라블레이즈,칼춤,2,올리르바,2
파라블레이즈,칼춤,2,스트린더(로우),2
파라블레이즈,칼춤,2,펜드라,2
파라블레이즈,칼춤,2,화염레오,2
파라블레이즈,칼춤,2,윈디(히스이),2
파라블레이즈,칼춤,2,캥카,2
파라블레이즈,칼춤,2,꿈트렁,2
파라블레이즈,칼춤,2,에써르(암컷),2
파라블레이즈,칼춤,2,후딘,2
파라블레이즈,칼춤,2,드래캄,2
대검귀,칼춤,2,보만다,2
대검귀,칼춤,2,한카리아스,2
대검귀,칼춤,2,누리레느,4
대검귀,칼춤,2,갑주무사,3
대검귀,칼춤,2,하마돈,3
대검귀,칼춤,2,루카리오,2
대검귀,칼춤,2,드닐레이브,3
대검귀,칼춤,2,브리두라스,3
대검귀,칼춤,2,타부자고,2
대검귀,칼춤,2,따라큐,3
대검귀,칼춤,2,고릴타,3
대검귀,칼춤,2,킬가르도,2
대검귀,칼춤,2,마스카나,2
대검귀,칼춤,2,갸라도스,4
대검귀,칼춤,2,아머까오,4
대검귀,칼춤,2,킬라플로르,2
대검귀,칼춤,2,대쓰여너,2
대검귀,칼춤,2,리자몽,2
대검귀,칼춤,2,포푸니크,3
대검귀,칼춤,2,개굴닌자,2
대검귀,칼춤,2,에이스번,2
대검귀,칼춤,2,알로라 나인테일,3
대검귀,칼춤,2,에써르(수컷),2
대검귀,칼춤,2,워시로토무,3
대검귀,칼춤,2,불카모스,2
대검귀,칼춤,2,빠르모트,3
대검귀,칼춤,2,라우드본,3
대검귀,칼춤,2,삼삼드래,3
대검귀,칼춤,2,메타그로스,2
대검귀,칼춤,2,망나뇽,2
대검귀,칼춤,2,님피아,3
대검귀,칼춤,2,히트로토무,2
대검귀,칼춤,2,거북왕,3
대검귀,칼춤,2,대도각참,2
대검귀,칼춤,2,팬텀,2
대검귀,칼춤,2,마폭시,2
대검귀,칼춤,2,엠페르트,3
대검귀,칼춤,2,번치코,2
대검귀,칼춤,2,대짱이,3
대검귀,칼춤,2,라이츄,2
대검귀,칼춤,2,블래키,3
대검귀,칼춤,2,다크펫,2
대검귀,칼춤,2,더시마사리,4
대검귀,칼춤,2,핫삼,3
대검귀,칼춤,2,오롱털,3
대검귀,칼춤,2,픽시,4
대검귀,칼춤,2,카디나르마,2
대검귀,칼춤,2,앱솔,2
대검귀,칼춤,2,찌리배리,4
대검귀,칼춤,2,맘모꾸리,2
대검귀,칼춤,2,파라블레이즈,2
대검귀,칼춤,2,패리퍼,3
대검귀,칼춤,2,찌르호크,3
대검귀,칼춤,2,마기라스,2
대검귀,칼춤,2,이어롭,2
대검귀,칼춤,2,플라엣테,3
대검귀,칼춤,2,배바닐라,2
대검귀,칼춤,2,드래펄트,2
대검귀,칼춤,2,입치트,3
대검귀,칼춤,2,메가니움,3
대검귀,칼춤,2,메타몽,2
대검귀,칼춤,2,이상해꽃,3
대검귀,칼춤,2,밀로틱,4
대검귀,칼춤,2,스코빌런,3
대검귀,칼춤,2,아쿠스타,2
대검귀,칼춤,2,몰드류,2
대검귀,칼춤,2,조로아크(히스이),2
대검귀,칼춤,2,미끄래곤(히스이),3
대검귀,칼춤,2,잠만보,3
대검귀,칼춤,2,무장조,4
대검귀,칼춤,2,클레스퍼트라,2
대검귀,칼춤,2,창파나이트,3
대검귀,칼춤,2,우츠보트,3
대검귀,칼춤,2,가라르야도킹,2
대검귀,칼춤,2,깜까미,3
대검귀,칼춤,2,엘풍,2
대검귀,칼춤,2,저승갓숭,3
대검귀,칼춤,2,스트린더(하이),3
대검귀,칼춤,2,샤미드,3
대검귀,칼춤,2,사마자르,2
대검귀,칼춤,2,인텔리레온,3
대검귀,칼춤,2,깨비물거미,3
대검귀,칼춤,2,가디안,3
대검귀,칼춤,2,왕구리,3
대검귀,칼춤,2,엘레이드,3
대검귀,칼춤,2,브리무음,3
대검귀,칼춤,2,눈여아,2
대검귀,칼춤,2,어흥염,3
대검귀,칼춤,2,마릴리,4
대검귀,칼춤,2,올리르바,3
대검귀,칼춤,2,스트린더(로우),3
대검귀,칼춤,2,펜드라,3
대검귀,칼춤,2,화염레오,2
대검귀,칼춤,2,윈디(히스이),2
대검귀,칼춤,2,캥카,3
대검귀,칼춤,2,꿈트렁,3
대검귀,칼춤,2,에써르(암컷),2
대검귀,칼춤,2,후딘,2
대검귀,칼춤,2,드래캄,3
마기라스,용의춤,1.5,보만다,3
마기라스,용의춤,1.5,한카리아스,2
마기라스,용의춤,1.5,누리레느,3
마기라스,용의춤,1.5,갑주무사,2
마기라스,용의춤,1.5,하마돈,4
마기라스,용의춤,1.5,루카리오,2
마기라스,용의춤,1.5,드닐레이브,2
마기라스,용의춤,1.5,브리두라스,3
마기라스,용의춤,1.5,타부자고,3
마기라스,용의춤,1.5,따라큐,3
마기라스,용의춤,1.5,고릴타,3
마기라스,용의춤,1.5,킬가르도,3
마기라스,용의춤,1.5,마스카나,2
마기라스,용의춤,1.5,갸라도스,3
마기라스,용의춤,1.5,아머까오,4
마기라스,용의춤,1.5,킬라플로르,2
마기라스,용의춤,1.5,대쓰여너,3
마기라스,용의춤,1.5,리자몽,2
마기라스,용의춤,1.5,포푸니크,2
마기라스,용의춤,1.5,개굴닌자,2
마기라스,용의춤,1.5,에이스번,2
마기라스,용의춤,1.5,알로라 나인테일,2
마기라스,용의춤,1.5,에써르(수컷),2
마기라스,용의춤,1.5,워시로토무,3
마기라스,용의춤,1.5,불카모스,2
마기라스,용의춤,1.5,빠르모트,2
마기라스,용의춤,1.5,라우드본,3
마기라스,용의춤,1.5,삼삼드래,2
마기라스,용의춤,1.5,메타그로스,3
마기라스,용의춤,1.5,망나뇽,2
마기라스,용의춤,1.5,님피아,3
마기라스,용의춤,1.5,히트로토무,2
마기라스,용의춤,1.5,거북왕,3
마기라스,용의춤,1.5,대도각참,2
마기라스,용의춤,1.5,팬텀,2
마기라스,용의춤,1.5,마폭시,2
마기라스,용의춤,1.5,엠페르트,2
마기라스,용의춤,1.5,번치코,2
마기라스,용의춤,1.5,대짱이,3
마기라스,용의춤,1.5,라이츄,2
마기라스,용의춤,1.5,블래키,3
마기라스,용의춤,1.5,다크펫,2
마기라스,용의춤,1.5,더시마사리,3
마기라스,용의춤,1.5,핫삼,3
마기라스,용의춤,1.5,오롱털,3
마기라스,용의춤,1.5,픽시,3
마기라스,용의춤,1.5,카디나르마,2
마기라스,용의춤,1.5,앱솔,2
마기라스,용의춤,1.5,찌리배리,3
마기라스,용의춤,1.5,맘모꾸리,2
마기라스,용의춤,1.5,파라블레이즈,2
마기라스,용의춤,1.5,패리퍼,2
마기라스,용의춤,1.5,찌르호크,3
마기라스,용의춤,1.5,대검귀,2
마기라스,용의춤,1.5,이어롭,2
마기라스,용의춤,1.5,플라엣테,3
마기라스,용의춤,1.5,배바닐라,2
마기라스,용의춤,1.5,드래펄트,3
마기라스,용의춤,1.5,입치트,3
마기라스,용의춤,1.5,메가니움,3
마기라스,용의춤,1.5,메타몽,2
마기라스,용의춤,1.5,이상해꽃,3
마기라스,용의춤,1.5,밀로틱,3
마기라스,용의춤,1.5,스코빌런,2
마기라스,용의춤,1.5,아쿠스타,2
마기라스,용의춤,1.5,몰드류,2
마기라스,용의춤,1.5,조로아크(히스이),2
마기라스,용의춤,1.5,미끄래곤(히스이),2
마기라스,용의춤,1.5,잠만보,3
마기라스,용의춤,1.5,무장조,4
마기라스,용의춤,1.5,클레스퍼트라,2
마기라스,용의춤,1.5,창파나이트,3
마기라스,용의춤,1.5,우츠보트,3
마기라스,용의춤,1.5,가라르야도킹,3
마기라스,용의춤,1.5,깜까미,3
마기라스,용의춤,1.5,엘풍,3
마기라스,용의춤,1.5,저승갓숭,4
마기라스,용의춤,1.5,스트린더(하이),2
마기라스,용의춤,1.5,샤미드,3
마기라스,용의춤,1.5,사마자르,2
마기라스,용의춤,1.5,인텔리레온,3
마기라스,용의춤,1.5,깨비물거미,2
마기라스,용의춤,1.5,가디안,3
마기라스,용의춤,1.5,왕구리,3
마기라스,용의춤,1.5,엘레이드,3
마기라스,용의춤,1.5,브리무음,3
마기라스,용의춤,1.5,눈여아,2
마기라스,용의춤,1.5,어흥염,3
마기라스,용의춤,1.5,마릴리,3
마기라스,용의춤,1.5,올리르바,2
마기라스,용의춤,1.5,스트린더(로우),2
마기라스,용의춤,1.5,펜드라,2
마기라스,용의춤,1.5,화염레오,2
마기라스,용의춤,1.5,윈디(히스이),2
마기라스,용의춤,1.5,캥카,2
마기라스,용의춤,1.5,꿈트렁,3
마기라스,용의춤,1.5,에써르(암컷),2
마기라스,용의춤,1.5,후딘,2
마기라스,용의춤,1.5,드래캄,2
이어롭,칼춤,2,보만다,2
이어롭,칼춤,2,한카리아스,2
이어롭,칼춤,2,누리레느,2
이어롭,칼춤,2,갑주무사,3
이어롭,칼춤,2,하마돈,3
이어롭,칼춤,2,루카리오,2
이어롭,칼춤,2,드닐레이브,3
이어롭,칼춤,2,브리두라스,3
이어롭,칼춤,2,타부자고,6
이어롭,칼춤,2,따라큐,3
이어롭,칼춤,2,고릴타,3
이어롭,칼춤,2,킬가르도,5
이어롭,칼춤,2,마스카나,2
이어롭,칼춤,2,갸라도스,3
이어롭,칼춤,2,아머까오,4
이어롭,칼춤,2,킬라플로르,3
이어롭,칼춤,2,대쓰여너,3
이어롭,칼춤,2,리자몽,3
이어롭,칼춤,2,포푸니크,2
이어롭,칼춤,2,개굴닌자,2
이어롭,칼춤,2,에이스번,2
이어롭,칼춤,2,알로라 나인테일,2
이어롭,칼춤,2,에써르(수컷),2
이어롭,칼춤,2,워시로토무,2
이어롭,칼춤,2,불카모스,3
이어롭,칼춤,2,빠르모트,2
이어롭,칼춤,2,라우드본,7
이어롭,칼춤,2,삼삼드래,2
이어롭,칼춤,2,메타그로스,4
이어롭,칼춤,2,망나뇽,2
이어롭,칼춤,2,님피아,3
이어롭,칼춤,2,히트로토무,2
이어롭,칼춤,2,거북왕,3
이어롭,칼춤,2,대도각참,2
이어롭,칼춤,2,팬텀,3
이어롭,칼춤,2,마폭시,2
이어롭,칼춤,2,엠페르트,2
이어롭,칼춤,2,번치코,2
이어롭,칼춤,2,대짱이,3
이어롭,칼춤,2,라이츄,2
이어롭,칼춤,2,블래키,3
이어롭,칼춤,2,다크펫,3
이어롭,칼춤,2,더시마사리,3
이어롭,칼춤,2,핫삼,4
이어롭,칼춤,2,오롱털,2
이어롭,칼춤,2,픽시,3
이어롭,칼춤,2,카디나르마,3
이어롭,칼춤,2,앱솔,2
이어롭,칼춤,2,찌리배리,3
이어롭,칼춤,2,맘모꾸리,2
이어롭,칼춤,2,파라블레이즈,4
이어롭,칼춤,2,패리퍼,2
이어롭,칼춤,2,찌르호크,3
이어롭,칼춤,2,대검귀,2
이어롭,칼춤,2,마기라스,2
이어롭,칼춤,2,플라엣테,2
이어롭,칼춤,2,배바닐라,2
이어롭,칼춤,2,드래펄트,2
이어롭,칼춤,2,입치트,4
이어롭,칼춤,2,메가니움,3
이어롭,칼춤,2,메타몽,2
이어롭,칼춤,2,이상해꽃,3
이어롭,칼춤,2,밀로틱,3
이어롭,칼춤,2,스코빌런,2
이어롭,칼춤,2,아쿠스타,2
이어롭,칼춤,2,몰드류,2
이어롭,칼춤,2,조로아크(히스이),3
이어롭,칼춤,2,미끄래곤(히스이),2
이어롭,칼춤,2,잠만보,3
이어롭,칼춤,2,무장조,4
이어롭,칼춤,2,클레스퍼트라,2
이어롭,칼춤,2,창파나이트,2
이어롭,칼춤,2,우츠보트,2
이어롭,칼춤,2,가라르야도킹,3
이어롭,칼춤,2,깜까미,3
이어롭,칼춤,2,엘풍,2
이어롭,칼춤,2,저승갓숭,4
이어롭,칼춤,2,스트린더(하이),2
이어롭,칼춤,2,샤미드,3
이어롭,칼춤,2,사마자르,3
이어롭,칼춤,2,인텔리레온,2
이어롭,칼춤,2,깨비물거미,3
이어롭,칼춤,2,가디안,2
이어롭,칼춤,2,왕구리,2
이어롭,칼춤,2,엘레이드,2
이어롭,칼춤,2,브리무음,2
이어롭,칼춤,2,눈여아,4
이어롭,칼춤,2,어흥염,3
이어롭,칼춤,2,마릴리,3
이어롭,칼춤,2,올리르바,2
이어롭,칼춤,2,스트린더(로우),2
이어롭,칼춤,2,펜드라,2
이어롭,칼춤,2,화염레오,2
이어롭,칼춤,2,윈디(히스이),2
이어롭,칼춤,2,캥카,2
이어롭,칼춤,2,꿈트렁,3
이어롭,칼춤,2,에써르(암컷),2
이어롭,칼춤,2,후딘,2
이어롭,칼춤,2,드래캄,2
플라엣테,명상,1.5,보만다,2
플라엣테,명상,1.5,한카리아스,2
플라엣테,명상,1.5,누리레느,3
플라엣테,명상,1.5,갑주무사,3
플라엣테,명상,1.5,하마돈,3
플라엣테,명상,1.5,루카리오,2
플라엣테,명상,1.5,드닐레이브,2
플라엣테,명상,1.5,브리두라스,3
플라엣테,명상,1.5,타부자고,5
플라엣테,명상,1.5,따라큐,3
플라엣테,명상,1.5,고릴타,3
플라엣테,명상,1.5,킬가르도,4
플라엣테,명상,1.5,마스카나,2
플라엣테,명상,1.5,갸라도스,3
플라엣테,명상,1.5,아머까오,5
플라엣테,명상,1.5,킬라플로르,3
플라엣테,명상,1.5,대쓰여너,3
플라엣테,명상,1.5,리자몽,4
플라엣테,명상,1.5,포푸니크,2
플라엣테,명상,1.5,개굴닌자,2
플라엣테,명상,1.5,에이스번,4
플라엣테,명상,1.5,알로라 나인테일,3
플라엣테,명상,1.5,에써르(수컷),3
플라엣테,명상,1.5,워시로토무,3
플라엣테,명상,1.5,불카모스,5
플라엣테,명상,1.5,빠르모트,2
플라엣테,명상,1.5,라우드본,5
플라엣테,명상,1.5,삼삼드래,2
플라엣테,명상,1.5,메타그로스,4
플라엣테,명상,1.5,망나뇽,2
플라엣테,명상,1.5,님피아,4
플라엣테,명상,1.5,히트로토무,4
플라엣테,명상,1.5,거북왕,3
플라엣테,명상,1.5,대도각참,3
플라엣테,명상,1.5,팬텀,3
플라엣테,명상,1.5,마폭시,4
플라엣테,명상,1.5,엠페르트,4
플라엣테,명상,1.5,번치코,3
플라엣테,명상,1.5,대짱이,3
플라엣테,명상,1.5,라이츄,3
플라엣테,명상,1.5,블래키,3
플라엣테,명상,1.5,다크펫,2
플라엣테,명상,1.5,더시마사리,4
플라엣테,명상,1.5,핫삼,4
플라엣테,명상,1.5,오롱털,2
플라엣테,명상,1.5,픽시,3
플라엣테,명상,1.5,카디나르마,4
플라엣테,명상,1.5,앱솔,2
플라엣테,명상,1.5,찌리배리,3
플라엣테,명상,1.5,맘모꾸리,3
플라엣테,명상,1.5,파라블레이즈,4
플라엣테,명상,1.5,패리퍼,3
플라엣테,명상,1.5,찌르호크,3
플라엣테,명상,1.5,대검귀,2
플라엣테,명상,1.5,마기라스,2
플라엣테,명상,1.5,이어롭,3
플라엣테,명상,1.5,배바닐라,3
플라엣테,명상,1.5,드래펄트,2
플라엣테,명상,1.5,입치트,3
플라엣테,명상,1.5,메가니움,3
플라엣테,명상,1.5,메타몽,2
플라엣테,명상,1.5,이상해꽃,3
플라엣테,명상,1.5,밀로틱,4
플라엣테,명상,1.5,스코빌런,4
플라엣테,명상,1.5,아쿠스타,3
플라엣테,명상,1.5,몰드류,4
플라엣테,명상,1.5,조로아크(히스이),2
플라엣테,명상,1.5,미끄래곤(히스이),3
플라엣테,명상,1.5,잠만보,4
플라엣테,명상,1.5,무장조,4
플라엣테,명상,1.5,클레스퍼트라,3
플라엣테,명상,1.5,창파나이트,2
플라엣테,명상,1.5,우츠보트,3
플라엣테,명상,1.5,가라르야도킹,5
플라엣테,명상,1.5,깜까미,2
플라엣테,명상,1.5,엘풍,2
플라엣테,명상,1.5,저승갓숭,2
플라엣테,명상,1.5,스트린더(하이),3
플라엣테,명상,1.5,샤미드,4
플라엣테,명상,1.5,사마자르,2
플라엣테,명상,1.5,인텔리레온,2
플라엣테,명상,1.5,깨비물거미,3
플라엣테,명상,1.5,가디안,3
플라엣테,명상,1.5,왕구리,3
플라엣테,명상,1.5,엘레이드,2
플라엣테,명상,1.5,브리무음,3
플라엣테,명상,1.5,눈여아,2
플라엣테,명상,1.5,어흥염,3
플라엣테,명상,1.5,마릴리,3
플라엣테,명상,1.5,올리르바,3
플라엣테,명상,1.5,스트린더(로우),3
플라엣테,명상,1.5,펜드라,3
플라엣테,명상,1.5,화염레오,4
플라엣테,명상,1.5,윈디(히스이),4
플라엣테,명상,1.5,캥카,3
플라엣테,명상,1.5,꿈트렁,3
플라엣테,명상,1.5,에써르(암컷),3
플라엣테,명상,1.5,후딘,3
플라엣테,명상,1.5,드래캄,3
입치트,칼춤,2,보만다,3
입치트,칼춤,2,한카리아스,2
입치트,칼춤,2,누리레느,3
입치트,칼춤,2,갑주무사,3
입치트,칼춤,2,하마돈,4
입치트,칼춤,2,루카리오,3
입치트,칼춤,2,드닐레이브,2
입치트,칼춤,2,브리두라스,3
입치트,칼춤,2,타부자고,4
입치트,칼춤,2,따라큐,2
입치트,칼춤,2,고릴타,3
입치트,칼춤,2,킬가르도,3
입치트,칼춤,2,마스카나,2
입치트,칼춤,2,갸라도스,3
입치트,칼춤,2,아머까오,4
입치트,칼춤,2,킬라플로르,2
입치트,칼춤,2,대쓰여너,3
입치트,칼춤,2,리자몽,3
입치트,칼춤,2,포푸니크,2
입치트,칼춤,2,개굴닌자,2
입치트,칼춤,2,에이스번,4
입치트,칼춤,2,알로라 나인테일,2
입치트,칼춤,2,에써르(수컷),3
입치트,칼춤,2,워시로토무,3
입치트,칼춤,2,불카모스,4
입치트,칼춤,2,빠르모트,2
입치트,칼춤,2,라우드본,4
입치트,칼춤,2,삼삼드래,2
입치트,칼춤,2,메타그로스,3
입치트,칼춤,2,망나뇽,2
입치트,칼춤,2,님피아,3
입치트,칼춤,2,히트로토무,4
입치트,칼춤,2,거북왕,3
입치트,칼춤,2,대도각참,2
입치트,칼춤,2,팬텀,2
입치트,칼춤,2,마폭시,3
입치트,칼춤,2,엠페르트,3
입치트,칼춤,2,번치코,3
입치트,칼춤,2,대짱이,3
입치트,칼춤,2,라이츄,3
입치트,칼춤,2,블래키,3
입치트,칼춤,2,다크펫,3
입치트,칼춤,2,더시마사리,4
입치트,칼춤,2,핫삼,3
입치트,칼춤,2,오롱털,2
입치트,칼춤,2,픽시,3
입치트,칼춤,2,카디나르마,3
입치트,칼춤,2,앱솔,2
입치트,칼춤,2,찌리배리,4
입치트,칼춤,2,맘모꾸리,2
입치트,칼춤,2,파라블레이즈,3
입치트,칼춤,2,패리퍼,2
입치트,칼춤,2,찌르호크,4
입치트,칼춤,2,대검귀,2
입치트,칼춤,2,마기라스,2
입치트,칼춤,2,이어롭,3
입치트,칼춤,2,플라엣테,2
입치트,칼춤,2,배바닐라,2
입치트,칼춤,2,드래펄트,2
입치트,칼춤,2,메가니움,3
입치트,칼춤,2,메타몽,2
입치트,칼춤,2,이상해꽃,3
입치트,칼춤,2,밀로틱,3
입치트,칼춤,2,스코빌런,4
입치트,칼춤,2,아쿠스타,3
입치트,칼춤,2,몰드류,3
입치트,칼춤,2,조로아크(히스이),3
입치트,칼춤,2,미끄래곤(히스이),3
입치트,칼춤,2,잠만보,3
입치트,칼춤,2,무장조,4
입치트,칼춤,2,클레스퍼트라,3
입치트,칼춤,2,창파나이트,2
입치트,칼춤,2,우츠보트,3
입치트,칼춤,2,가라르야도킹,3
입치트,칼춤,2,깜까미,2
입치트,칼춤,2,엘풍,2
입치트,칼춤,2,저승갓숭,2
입치트,칼춤,2,스트린더(하이),3
입치트,칼춤,2,샤미드,3
입치트,칼춤,2,사마자르,2
입치트,칼춤,2,인텔리레온,3
입치트,칼춤,2,깨비물거미,3
입치트,칼춤,2,가디안,2
입치트,칼춤,2,왕구리,3
입치트,칼춤,2,엘레이드,2
입치트,칼춤,2,브리무음,2
입치트,칼춤,2,눈여아,2
입치트,칼춤,2,어흥염,4
입치트,칼춤,2,마릴리,3
입치트,칼춤,2,올리르바,3
입치트,칼춤,2,스트린더(로우),3
입치트,칼춤,2,펜드라,3
입치트,칼춤,2,화염레오,3
입치트,칼춤,2,윈디(히스이),3
입치트,칼춤,2,캥카,3
입치트,칼춤,2,꿈트렁,3
입치트,칼춤,2,에써르(암컷),3
입치트,칼춤,2,후딘,2
입치트,칼춤,2,드래캄,3
몰드류,칼춤,2,보만다,3
몰드류,칼춤,2,한카리아스,3
몰드류,칼춤,2,누리레느,2
몰드류,칼춤,2,갑주무사,3
몰드류,칼춤,2,하마돈,3
몰드류,칼춤,2,루카리오,2
몰드류,칼춤,2,드닐레이브,2
몰드류,칼춤,2,브리두라스,2
몰드류,칼춤,2,타부자고,2
몰드류,칼춤,2,따라큐,2
몰드류,칼춤,2,고릴타,3
몰드류,칼춤,2,킬가르도,2
몰드류,칼춤,2,마스카나,2
몰드류,칼춤,2,갸라도스,3
몰드류,칼춤,2,아머까오,5
몰드류,칼춤,2,킬라플로르,2
몰드류,칼춤,2,대쓰여너,3
몰드류,칼춤,2,리자몽,2
몰드류,칼춤,2,포푸니크,2
몰드류,칼춤,2,개굴닌자,2
몰드류,칼춤,2,에이스번,2
몰드류,칼춤,2,알로라 나인테일,2
몰드류,칼춤,2,에써르(수컷),2
몰드류,칼춤,2,워시로토무,3
몰드류,칼춤,2,불카모스,2
몰드류,칼춤,2,빠르모트,2
몰드류,칼춤,2,라우드본,2
몰드류,칼춤,2,삼삼드래,3
몰드류,칼춤,2,메타그로스,2
몰드류,칼춤,2,망나뇽,3
몰드류,칼춤,2,님피아,2
몰드류,칼춤,2,히트로토무,2
몰드류,칼춤,2,거북왕,3
몰드류,칼춤,2,대도각참,2
몰드류,칼춤,2,팬텀,2
몰드류,칼춤,2,마폭시,2
몰드류,칼춤,2,엠페르트,2
몰드류,칼춤,2,번치코,2
몰드류,칼춤,2,대짱이,3
몰드류,칼춤,2,라이츄,2
몰드류,칼춤,2,블래키,3
몰드류,칼춤,2,다크펫,2
몰드류,칼춤,2,더시마사리,2
몰드류,칼춤,2,핫삼,3
몰드류,칼춤,2,오롱털,2
몰드류,칼춤,2,픽시,2
몰드류,칼춤,2,카디나르마,2
몰드류,칼춤,2,앱솔,2
몰드류,칼춤,2,찌리배리,2
몰드류,칼춤,2,맘모꾸리,2
몰드류,칼춤,2,파라블레이즈,2
몰드류,칼춤,2,패리퍼,3
몰드류,칼춤,2,찌르호크,3
몰드류,칼춤,2,대검귀,3
몰드류,칼춤,2,마기라스,2
몰드류,칼춤,2,이어롭,2
몰드류,칼춤,2,플라엣테,2
몰드류,칼춤,2,배바닐라,2
몰드류,칼춤,2,드래펄트,2
몰드류,칼춤,2,입치트,2
몰드류,칼춤,2,메가니움,3
몰드류,칼춤,2,메타몽,2
몰드류,칼춤,2,이상해꽃,3
몰드류,칼춤,2,밀로틱,3
몰드류,칼춤,2,스코빌런,2
몰드류,칼춤,2,아쿠스타,2
몰드류,칼춤,2,조로아크(히스이),2
몰드류,칼춤,2,미끄래곤(히스이),2
몰드류,칼춤,2,잠만보,3
몰드류,칼춤,2,무장조,5
몰드류,칼춤,2,클레스퍼트라,2
몰드류,칼춤,2,창파나이트,2
몰드류,칼춤,2,우츠보트,3
몰드류,칼춤,2,가라르야도킹,2
몰드류,칼춤,2,깜까미,2
몰드류,칼춤,2,엘풍,2
몰드류,칼춤,2,저승갓숭,3
몰드류,칼춤,2,스트린더(하이),2
몰드류,칼춤,2,샤미드,3
몰드류,칼춤,2,사마자르,2
몰드류,칼춤,2,인텔리레온,2
몰드류,칼춤,2,깨비물거미,2
몰드류,칼춤,2,가디안,2
몰드류,칼춤,2,왕구리,2
몰드류,칼춤,2,엘레이드,2
몰드류,칼춤,2,브리무음,2
몰드류,칼춤,2,눈여아,2
몰드류,칼춤,2,어흥염,2
몰드류,칼춤,2,마릴리,3
몰드류,칼춤,2,올리르바,3
몰드류,칼춤,2,스트린더(로우),2
몰드류,칼춤,2,펜드라,2
몰드류,칼춤,2,화염레오,2
몰드류,칼춤,2,윈디(히스이),2
몰드류,칼춤,2,캥카,3
몰드류,칼춤,2,꿈트렁,3
몰드류,칼춤,2,에써르(암컷),2
몰드류,칼춤,2,후딘,2
몰드류,칼춤,2,드래캄,2
무장조,칼춤,2,보만다,4
무장조,칼춤,2,한카리아스,3
무장조,칼춤,2,누리레느,3
무장조,칼춤,2,갑주무사,3
무장조,칼춤,2,하마돈,4
무장조,칼춤,2,루카리오,2
무장조,칼춤,2,드닐레이브,3
무장조,칼춤,2,브리두라스,3
무장조,칼춤,2,타부자고,4
무장조,칼춤,2,따라큐,2
무장조,칼춤,2,고릴타,2
무장조,칼춤,2,킬가르도,4
무장조,칼춤,2,마스카나,2
무장조,칼춤,2,갸라도스,4
무장조,칼춤,2,아머까오,6
무장조,칼춤,2,킬라플로르,2
무장조,칼춤,2,대쓰여너,3
무장조,칼춤,2,리자몽,3
무장조,칼춤,2,포푸니크,2
무장조,칼춤,2,개굴닌자,2
무장조,칼춤,2,에이스번,3
무장조,칼춤,2,알로라 나인테일,2
무장조,칼춤,2,에써르(수컷),3
무장조,칼춤,2,워시로토무,4
무장조,칼춤,2,불카모스,2
무장조,칼춤,2,빠르모트,3
무장조,칼춤,2,라우드본,4
무장조,칼춤,2,삼삼드래,3
무장조,칼춤,2,메타그로스,4
무장조,칼춤,2,망나뇽,4
무장조,칼춤,2,님피아,3
무장조,칼춤,2,히트로토무,4
무장조,칼춤,2,거북왕,3
무장조,칼춤,2,대도각참,2
무장조,칼춤,2,팬텀,3
무장조,칼춤,2,마폭시,3
무장조,칼춤,2,엠페르트,3
무장조,칼춤,2,번치코,2
무장조,칼춤,2,대짱이,3
무장조,칼춤,2,라이츄,3
무장조,칼춤,2,블래키,4
무장조,칼춤,2,다크펫,3
무장조,칼춤,2,더시마사리,4
무장조,칼춤,2,핫삼,3
무장조,칼춤,2,오롱털,3
무장조,칼춤,2,픽시,3
무장조,칼춤,2,카디나르마,3
무장조,칼춤,2,앱솔,2
무장조,칼춤,2,찌리배리,4
무장조,칼춤,2,맘모꾸리,3
무장조,칼춤,2,파라블레이즈,3
무장조,칼춤,2,패리퍼,3
무장조,칼춤,2,찌르호크,4
무장조,칼춤,2,대검귀,3
무장조,칼춤,2,마기라스,2
무장조,칼춤,2,이어롭,3
무장조,칼춤,2,플라엣테,3
무장조,칼춤,2,배바닐라,3
무장조,칼춤,2,드래펄트,3
무장조,칼춤,2,입치트,4
무장조,칼춤,2,메가니움,3
무장조,칼춤,2,메타몽,2
무장조,칼춤,2,이상해꽃,2
무장조,칼춤,2,밀로틱,4
무장조,칼춤,2,스코빌런,2
무장조,칼춤,2,아쿠스타,3
무장조,칼춤,2,몰드류,3
무장조,칼춤,2,조로아크(히스이),3
무장조,칼춤,2,미끄래곤(히스이),3
무장조,칼춤,2,잠만보,3
무장조,칼춤,2,클레스퍼트라,3
무장조,칼춤,2,창파나이트,2
무장조,칼춤,2,우츠보트,2
무장조,칼춤,2,가라르야도킹,4
무장조,칼춤,2,깜까미,3
무장조,칼춤,2,엘풍,2
무장조,칼춤,2,저승갓숭,2
무장조,칼춤,2,스트린더(하이),2
무장조,칼춤,2,샤미드,4
무장조,칼춤,2,사마자르,3
무장조,칼춤,2,인텔리레온,3
무장조,칼춤,2,깨비물거미,2
무장조,칼춤,2,가디안,2
무장조,칼춤,2,왕구리,3
무장조,칼춤,2,엘레이드,2
무장조,칼춤,2,브리무음,3
무장조,칼춤,2,눈여아,2
무장조,칼춤,2,어흥염,3
무장조,칼춤,2,마릴리,3
무장조,칼춤,2,올리르바,2
무장조,칼춤,2,스트린더(로우),2
무장조,칼춤,2,펜드라,2
무장조,칼춤,2,화염레오,3
무장조,칼춤,2,윈디(히스이),2
무장조,칼춤,2,캥카,3
무장조,칼춤,2,꿈트렁,3
무장조,칼춤,2,에써르(암컷),3
무장조,칼춤,2,후딘,2
무장조,칼춤,2,드래캄,3
클레스퍼트라,명상,1.5,보만다,4
클레스퍼트라,명상,1.5,한카리아스,3
클레스퍼트라,명상,1.5,누리레느,3
클레스퍼트라,명상,1.5,갑주무사,4
클레스퍼트라,명상,1.5,하마돈,3
클레스퍼트라,명상,1.5,루카리오,3
클레스퍼트라,명상,1.5,드닐레이브,3
클레스퍼트라,명상,1.5,브리두라스,4
클레스퍼트라,명상,1.5,타부자고,4
클레스퍼트라,명상,1.5,따라큐,3
클레스퍼트라,명상,1.5,고릴타,3
클레스퍼트라,명상,1.5,킬가르도,3
클레스퍼트라,명상,1.5,마스카나,3
클레스퍼트라,명상,1.5,갸라도스,4
클레스퍼트라,명상,1.5,아머까오,6
클레스퍼트라,명상,1.5,킬라플로르,3
클레스퍼트라,명상,1.5,대쓰여너,3
클레스퍼트라,명상,1.5,리자몽,4
클레스퍼트라,명상,1.5,포푸니크,2
클레스퍼트라,명상,1.5,개굴닌자,3
클레스퍼트라,명상,1.5,에이스번,3
클레스퍼트라,명상,1.5,알로라 나인테일,4
클레스퍼트라,명상,1.5,에써르(수컷),4
클레스퍼트라,명상,1.5,워시로토무,3
클레스퍼트라,명상,1.5,불카모스,4
클레스퍼트라,명상,1.5,빠르모트,2
클레스퍼트라,명상,1.5,라우드본,4
클레스퍼트라,명상,1.5,삼삼드래,2
클레스퍼트라,명상,1.5,메타그로스,3
클레스퍼트라,명상,1.5,망나뇽,4
클레스퍼트라,명상,1.5,님피아,5
클레스퍼트라,명상,1.5,히트로토무,3
클레스퍼트라,명상,1.5,거북왕,3
클레스퍼트라,명상,1.5,대도각참,5
클레스퍼트라,명상,1.5,팬텀,2
클레스퍼트라,명상,1.5,마폭시,3
클레스퍼트라,명상,1.5,엠페르트,5
클레스퍼트라,명상,1.5,번치코,2
클레스퍼트라,명상,1.5,대짱이,2
클레스퍼트라,명상,1.5,라이츄,3
클레스퍼트라,명상,1.5,블래키,4
클레스퍼트라,명상,1.5,다크펫,3
클레스퍼트라,명상,1.5,더시마사리,3
클레스퍼트라,명상,1.5,핫삼,5
클레스퍼트라,명상,1.5,오롱털,3
클레스퍼트라,명상,1.5,픽시,5
클레스퍼트라,명상,1.5,카디나르마,3
클레스퍼트라,명상,1.5,앱솔,3
클레스퍼트라,명상,1.5,찌리배리,5
클레스퍼트라,명상,1.5,맘모꾸리,3
클레스퍼트라,명상,1.5,파라블레이즈,3
클레스퍼트라,명상,1.5,패리퍼,3
클레스퍼트라,명상,1.5,찌르호크,4
클레스퍼트라,명상,1.5,대검귀,3
클레스퍼트라,명상,1.5,마기라스,3
클레스퍼트라,명상,1.5,이어롭,4
클레스퍼트라,명상,1.5,플라엣테,5
클레스퍼트라,명상,1.5,배바닐라,4
클레스퍼트라,명상,1.5,드래펄트,3
클레스퍼트라,명상,1.5,입치트,4
클레스퍼트라,명상,1.5,메가니움,4
클레스퍼트라,명상,1.5,메타몽,3
클레스퍼트라,명상,1.5,이상해꽃,3
클레스퍼트라,명상,1.5,밀로틱,4
클레스퍼트라,명상,1.5,스코빌런,3
클레스퍼트라,명상,1.5,아쿠스타,3
클레스퍼트라,명상,1.5,몰드류,4
클레스퍼트라,명상,1.5,조로아크(히스이),3
클레스퍼트라,명상,1.5,미끄래곤(히스이),6
클레스퍼트라,명상,1.5,잠만보,5
클레스퍼트라,명상,1.5,무장조,5
클레스퍼트라,명상,1.5,창파나이트,2
클레스퍼트라,명상,1.5,우츠보트,3
클레스퍼트라,명상,1.5,가라르야도킹,4
클레스퍼트라,명상,1.5,깜까미,3
클레스퍼트라,명상,1.5,엘풍,3
클레스퍼트라,명상,1.5,저승갓숭,3
클레스퍼트라,명상,1.5,스트린더(하이),2
클레스퍼트라,명상,1.5,샤미드,4
클레스퍼트라,명상,1.5,사마자르,3
클레스퍼트라,명상,1.5,인텔리레온,3
클레스퍼트라,명상,1.5,깨비물거미,4
클레스퍼트라,명상,1.5,가디안,3
클레스퍼트라,명상,1.5,왕구리,3
클레스퍼트라,명상,1.5,엘레이드,3
클레스퍼트라,명상,1.5,브리무음,3
클레스퍼트라,명상,1.5,눈여아,3
클레스퍼트라,명상,1.5,어흥염,5
클레스퍼트라,명상,1.5,마릴리,3
클레스퍼트라,명상,1.5,올리르바,4
클레스퍼트라,명상,1.5,스트린더(로우),2
클레스퍼트라,명상,1.5,펜드라,2
클레스퍼트라,명상,1.5,화염레오,3
클레스퍼트라,명상,1.5,윈디(히스이),4
클레스퍼트라,명상,1.5,캥카,4
클레스퍼트라,명상,1.5,꿈트렁,4
클레스퍼트라,명상,1.5,에써르(암컷),4
클레스퍼트라,명상,1.5,후딘,3
클레스퍼트라,명상,1.5,드래캄,3
가라르야도킹,명상,1.5,보만다,3
가라르야도킹,명상,1.5,한카리아스,2
가라르야도킹,명상,1.5,누리레느,3
가라르야도킹,명상,1.5,갑주무사,4
가라르야도킹,명상,1.5,하마돈,3
가라르야도킹,명상,1.5,루카리오,3
가라르야도킹,명상,1.5,드닐레이브,4
가라르야도킹,명상,1.5,브리두라스,4
가라르야도킹,명상,1.5,타부자고,4
가라르야도킹,명상,1.5,따라큐,4
가라르야도킹,명상,1.5,고릴타,3
가라르야도킹,명상,1.5,킬가르도,3
가라르야도킹,명상,1.5,마스카나,2
가라르야도킹,명상,1.5,갸라도스,4
가라르야도킹,명상,1.5,아머까오,4
가라르야도킹,명상,1.5,킬라플로르,3
가라르야도킹,명상,1.5,대쓰여너,4
가라르야도킹,명상,1.5,리자몽,4
가라르야도킹,명상,1.5,포푸니크,2
가라르야도킹,명상,1.5,개굴닌자,3
가라르야도킹,명상,1.5,에이스번,3
가라르야도킹,명상,1.5,알로라 나인테일,3
가라르야도킹,명상,1.5,에써르(수컷),3
가라르야도킹,명상,1.5,워시로토무,3
가라르야도킹,명상,1.5,불카모스,4
가라르야도킹,명상,1.5,빠르모트,2
가라르야도킹,명상,1.5,라우드본,5
가라르야도킹,명상,1.5,삼삼드래,3
가라르야도킹,명상,1.5,메타그로스,3
가라르야도킹,명상,1.5,망나뇽,3
가라르야도킹,명상,1.5,님피아,3
가라르야도킹,명상,1.5,히트로토무,3
가라르야도킹,명상,1.5,거북왕,4
가라르야도킹,명상,1.5,대도각참,3
가라르야도킹,명상,1.5,팬텀,2
가라르야도킹,명상,1.5,마폭시,4
가라르야도킹,명상,1.5,엠페르트,5
가라르야도킹,명상,1.5,번치코,2
가라르야도킹,명상,1.5,대짱이,4
가라르야도킹,명상,1.5,라이츄,3
가라르야도킹,명상,1.5,블래키,5
가라르야도킹,명상,1.5,다크펫,3
가라르야도킹,명상,1.5,더시마사리,3
가라르야도킹,명상,1.5,핫삼,2
가라르야도킹,명상,1.5,오롱털,3
가라르야도킹,명상,1.5,픽시,3
가라르야도킹,명상,1.5,카디나르마,4
가라르야도킹,명상,1.5,앱솔,3
가라르야도킹,명상,1.5,찌리배리,5
가라르야도킹,명상,1.5,맘모꾸리,4
가라르야도킹,명상,1.5,파라블레이즈,4
가라르야도킹,명상,1.5,패리퍼,3
가라르야도킹,명상,1.5,찌르호크,3
가라르야도킹,명상,1.5,대검귀,3
가라르야도킹,명상,1.5,마기라스,5
가라르야도킹,명상,1.5,이어롭,4
가라르야도킹,명상,1.5,플라엣테,3
가라르야도킹,명상,1.5,배바닐라,3
가라르야도킹,명상,1.5,드래펄트,3
가라르야도킹,명상,1.5,입치트,3
가라르야도킹,명상,1.5,메가니움,3
가라르야도킹,명상,1.5,메타몽,3
가라르야도킹,명상,1.5,이상해꽃,3
가라르야도킹,명상,1.5,밀로틱,5
가라르야도킹,명상,1.5,스코빌런,2
가라르야도킹,명상,1.5,아쿠스타,3
가라르야도킹,명상,1.5,몰드류,3
가라르야도킹,명상,1.5,조로아크(히스이),3
가라르야도킹,명상,1.5,미끄래곤(히스이),6
가라르야도킹,명상,1.5,잠만보,5
가라르야도킹,명상,1.5,무장조,3
가라르야도킹,명상,1.5,클레스퍼트라,3
가라르야도킹,명상,1.5,창파나이트,2
가라르야도킹,명상,1.5,우츠보트,3
가라르야도킹,명상,1.5,깜까미,4
가라르야도킹,명상,1.5,엘풍,2
가라르야도킹,명상,1.5,저승갓숭,3
가라르야도킹,명상,1.5,스트린더(하이),2
가라르야도킹,명상,1.5,샤미드,5
가라르야도킹,명상,1.5,사마자르,3
가라르야도킹,명상,1.5,인텔리레온,3
가라르야도킹,명상,1.5,깨비물거미,4
가라르야도킹,명상,1.5,가디안,3
가라르야도킹,명상,1.5,왕구리,4
가라르야도킹,명상,1.5,엘레이드,4
가라르야도킹,명상,1.5,브리무음,3
가라르야도킹,명상,1.5,눈여아,3
가라르야도킹,명상,1.5,어흥염,4
가라르야도킹,명상,1.5,마릴리,3
가라르야도킹,명상,1.5,올리르바,3
가라르야도킹,명상,1.5,스트린더(로우),2
가라르야도킹,명상,1.5,펜드라,2
가라르야도킹,명상,1.5,화염레오,3
가라르야도킹,명상,1.5,윈디(히스이),4
가라르야도킹,명상,1.5,캥카,4
가라르야도킹,명상,1.5,꿈트렁,3
가라르야도킹,명상,1.5,에써르(암컷),4
가라르야도킹,명상,1.5,후딘,3
가라르야도킹,명상,1.5,드래캄,3
저승갓숭,벌크업,1.5,보만다,3
저승갓숭,벌크업,1.5,한카리아스,3
저승갓숭,벌크업,1.5,누리레느,4
저승갓숭,벌크업,1.5,갑주무사,5
저승갓숭,벌크업,1.5,하마돈,4
저승갓숭,벌크업,1.5,루카리오,2
저승갓숭,벌크업,1.5,드닐레이브,2
저승갓숭,벌크업,1.5,브리두라스,2
저승갓숭,벌크업,1.5,타부자고,4
저승갓숭,벌크업,1.5,따라큐,3
저승갓숭,벌크업,1.5,고릴타,3
저승갓숭,벌크업,1.5,킬가르도,3
저승갓숭,벌크업,1.5,마스카나,2
저승갓숭,벌크업,1.5,갸라도스,5
저승갓숭,벌크업,1.5,아머까오,4
저승갓숭,벌크업,1.5,킬라플로르,3
저승갓숭,벌크업,1.5,대쓰여너,3
저승갓숭,벌크업,1.5,리자몽,3
저승갓숭,벌크업,1.5,포푸니크,4
저승갓숭,벌크업,1.5,개굴닌자,2
저승갓숭,벌크업,1.5,에이스번,3
저승갓숭,벌크업,1.5,알로라 나인테일,3
저승갓숭,벌크업,1.5,에써르(수컷),2
저승갓숭,벌크업,1.5,워시로토무,3
저승갓숭,벌크업,1.5,불카모스,3
저승갓숭,벌크업,1.5,빠르모트,3
저승갓숭,벌크업,1.5,라우드본,4
저승갓숭,벌크업,1.5,삼삼드래,2
저승갓숭,벌크업,1.5,메타그로스,3
저승갓숭,벌크업,1.5,망나뇽,3
저승갓숭,벌크업,1.5,님피아,5
저승갓숭,벌크업,1.5,히트로토무,3
저승갓숭,벌크업,1.5,거북왕,3
저승갓숭,벌크업,1.5,대도각참,2
저승갓숭,벌크업,1.5,팬텀,3
저승갓숭,벌크업,1.5,마폭시,3
저승갓숭,벌크업,1.5,엠페르트,2
저승갓숭,벌크업,1.5,번치코,3
저승갓숭,벌크업,1.5,대짱이,3
저승갓숭,벌크업,1.5,라이츄,2
저승갓숭,벌크업,1.5,블래키,3
저승갓숭,벌크업,1.5,다크펫,3
저승갓숭,벌크업,1.5,더시마사리,6
저승갓숭,벌크업,1.5,핫삼,3
저승갓숭,벌크업,1.5,오롱털,3
저승갓숭,벌크업,1.5,픽시,5
저승갓숭,벌크업,1.5,카디나르마,3
저승갓숭,벌크업,1.5,앱솔,2
저승갓숭,벌크업,1.5,찌리배리,4
저승갓숭,벌크업,1.5,맘모꾸리,2
저승갓숭,벌크업,1.5,파라블레이즈,3
저승갓숭,벌크업,1.5,패리퍼,4
저승갓숭,벌크업,1.5,찌르호크,4
저승갓숭,벌크업,1.5,대검귀,2
저승갓숭,벌크업,1.5,마기라스,2
저승갓숭,벌크업,1.5,이어롭,2
저승갓숭,벌크업,1.5,플라엣테,4
저승갓숭,벌크업,1.5,배바닐라,2
저승갓숭,벌크업,1.5,드래펄트,3
저승갓숭,벌크업,1.5,입치트,3
저승갓숭,벌크업,1.5,메가니움,3
저승갓숭,벌크업,1.5,메타몽,2
저승갓숭,벌크업,1.5,이상해꽃,4
저승갓숭,벌크업,1.5,밀로틱,4
저승갓숭,벌크업,1.5,스코빌런,3
저승갓숭,벌크업,1.5,아쿠스타,3
저승갓숭,벌크업,1.5,몰드류,2
저승갓숭,벌크업,1.5,조로아크(히스이),4
저승갓숭,벌크업,1.5,미끄래곤(히스이),2
저승갓숭,벌크업,1.5,잠만보,2
저승갓숭,벌크업,1.5,무장조,4
저승갓숭,벌크업,1.5,클레스퍼트라,3
저승갓숭,벌크업,1.5,창파나이트,3
저승갓숭,벌크업,1.5,우츠보트,3
저승갓숭,벌크업,1.5,가라르야도킹,4
저승갓숭,벌크업,1.5,깜까미,5
저승갓숭,벌크업,1.5,엘풍,3
저승갓숭,벌크업,1.5,스트린더(하이),4
저승갓숭,벌크업,1.5,샤미드,3
저승갓숭,벌크업,1.5,사마자르,3
저승갓숭,벌크업,1.5,인텔리레온,3
저승갓숭,벌크업,1.5,깨비물거미,4
저승갓숭,벌크업,1.5,가디안,3
저승갓숭,벌크업,1.5,왕구리,3
저승갓숭,벌크업,1.5,엘레이드,3
저승갓숭,벌크업,1.5,브리무음,3
저승갓숭,벌크업,1.5,눈여아,3
저승갓숭,벌크업,1.5,어흥염,3
저승갓숭,벌크업,1.5,마릴리,4
저승갓숭,벌크업,1.5,올리르바,2
저승갓숭,벌크업,1.5,스트린더(로우),4
저승갓숭,벌크업,1.5,펜드라,3
저승갓숭,벌크업,1.5,화염레오,2
저승갓숭,벌크업,1.5,윈디(히스이),2
저승갓숭,벌크업,1.5,캥카,2
저승갓숭,벌크업,1.5,꿈트렁,2
저승갓숭,벌크업,1.5,에써르(암컷),3
저승갓숭,벌크업,1.5,후딘,3
저승갓숭,벌크업,1.5,드래캄,3
샤미드,명상,1.5,보만다,3
샤미드,명상,1.5,한카리아스,3
샤미드,명상,1.5,누리레느,7
샤미드,명상,1.5,갑주무사,6
샤미드,명상,1.5,하마돈,3
샤미드,명상,1.5,루카리오,3
샤미드,명상,1.5,드닐레이브,6
샤미드,명상,1.5,브리두라스,5
샤미드,명상,1.5,타부자고,5
샤미드,명상,1.5,따라큐,4
샤미드,명상,1.5,고릴타,3
샤미드,명상,1.5,킬가르도,4
샤미드,명상,1.5,마스카나,3
샤미드,명상,1.5,갸라도스,6
샤미드,명상,1.5,아머까오,5
샤미드,명상,1.5,킬라플로르,3
샤미드,명상,1.5,대쓰여너,7
샤미드,명상,1.5,리자몽,3
샤미드,명상,1.5,포푸니크,4
샤미드,명상,1.5,개굴닌자,5
샤미드,명상,1.5,에이스번,3
샤미드,명상,1.5,알로라 나인테일,4
샤미드,명상,1.5,에써르(수컷),4
샤미드,명상,1.5,워시로토무,6
샤미드,명상,1.5,불카모스,3
샤미드,명상,1.5,빠르모트,3
샤미드,명상,1.5,라우드본,3
샤미드,명상,1.5,삼삼드래,3
샤미드,명상,1.5,메타그로스,4
샤미드,명상,1.5,망나뇽,3
샤미드,명상,1.5,님피아,6
샤미드,명상,1.5,히트로토무,3
샤미드,명상,1.5,거북왕,7
샤미드,명상,1.5,대도각참,4
샤미드,명상,1.5,팬텀,3
샤미드,명상,1.5,마폭시,3
샤미드,명상,1.5,엠페르트,7
샤미드,명상,1.5,번치코,3
샤미드,명상,1.5,대짱이,4
샤미드,명상,1.5,라이츄,4
샤미드,명상,1.5,블래키,6
샤미드,명상,1.5,다크펫,3
샤미드,명상,1.5,더시마사리,9
샤미드,명상,1.5,핫삼,4
샤미드,명상,1.5,오롱털,4
샤미드,명상,1.5,픽시,5
샤미드,명상,1.5,카디나르마,3
샤미드,명상,1.5,앱솔,3
샤미드,명상,1.5,찌리배리,5
샤미드,명상,1.5,맘모꾸리,3
샤미드,명상,1.5,파라블레이즈,3
샤미드,명상,1.5,패리퍼,4
샤미드,명상,1.5,찌르호크,3
샤미드,명상,1.5,대검귀,6
샤미드,명상,1.5,마기라스,3
샤미드,명상,1.5,이어롭,4
샤미드,명상,1.5,플라엣테,5
샤미드,명상,1.5,배바닐라,4
샤미드,명상,1.5,드래펄트,3
샤미드,명상,1.5,입치트,3
샤미드,명상,1.5,메가니움,4
샤미드,명상,1.5,메타몽,3
샤미드,명상,1.5,이상해꽃,4
샤미드,명상,1.5,밀로틱,10
샤미드,명상,1.5,스코빌런,4
샤미드,명상,1.5,아쿠스타,6
샤미드,명상,1.5,몰드류,3
샤미드,명상,1.5,조로아크(히스이),3
샤미드,명상,1.5,미끄래곤(히스이),7
샤미드,명상,1.5,잠만보,6
샤미드,명상,1.5,무장조,4
샤미드,명상,1.5,클레스퍼트라,4
샤미드,명상,1.5,창파나이트,4
샤미드,명상,1.5,우츠보트,3
샤미드,명상,1.5,가라르야도킹,5
샤미드,명상,1.5,깜까미,3
샤미드,명상,1.5,엘풍,3
샤미드,명상,1.5,저승갓숭,5
샤미드,명상,1.5,스트린더(하이),4
샤미드,명상,1.5,사마자르,2
샤미드,명상,1.5,인텔리레온,5
샤미드,명상,1.5,깨비물거미,8
샤미드,명상,1.5,가디안,4
샤미드,명상,1.5,왕구리,7
샤미드,명상,1.5,엘레이드,4
샤미드,명상,1.5,브리무음,4
샤미드,명상,1.5,눈여아,3
샤미드,명상,1.5,어흥염,3
샤미드,명상,1.5,마릴리,6
샤미드,명상,1.5,올리르바,4
샤미드,명상,1.5,스트린더(로우),4
샤미드,명상,1.5,펜드라,3
샤미드,명상,1.5,화염레오,3
샤미드,명상,1.5,윈디(히스이),2
샤미드,명상,1.5,캥카,4
샤미드,명상,1.5,꿈트렁,3
샤미드,명상,1.5,에써르(암컷),4
샤미드,명상,1.5,후딘,4
샤미드,명상,1.5,드래캄,4
브리무음,명상,1.5,보만다,3
브리무음,명상,1.5,한카리아스,3
브리무음,명상,1.5,누리레느,3
브리무음,명상,1.5,갑주무사,3
브리무음,명상,1.5,하마돈,3
브리무음,명상,1.5,루카리오,3
브리무음,명상,1.5,드닐레이브,3
브리무음,명상,1.5,브리두라스,3
브리무음,명상,1.5,타부자고,3
브리무음,명상,1.5,따라큐,3
브리무음,명상,1.5,고릴타,3
브리무음,명상,1.5,킬가르도,3
브리무음,명상,1.5,마스카나,2
브리무음,명상,1.5,갸라도스,3
브리무음,명상,1.5,아머까오,4
브리무음,명상,1.5,킬라플로르,2
브리무음,명상,1.5,대쓰여너,3
브리무음,명상,1.5,리자몽,3
브리무음,명상,1.5,포푸니크,2
브리무음,명상,1.5,개굴닌자,2
브리무음,명상,1.5,에이스번,3
브리무음,명상,1.5,알로라 나인테일,3
브리무음,명상,1.5,에써르(수컷),3
브리무음,명상,1.5,워시로토무,3
브리무음,명상,1.5,불카모스,4
브리무음,명상,1.5,빠르모트,2
브리무음,명상,1.5,라우드본,4
브리무음,명상,1.5,삼삼드래,2
브리무음,명상,1.5,메타그로스,3
브리무음,명상,1.5,망나뇽,3
브리무음,명상,1.5,님피아,4
브리무음,명상,1.5,히트로토무,3
브리무음,명상,1.5,거북왕,3
브리무음,명상,1.5,대도각참,3
브리무음,명상,1.5,팬텀,2
브리무음,명상,1.5,마폭시,5
브리무음,명상,1.5,엠페르트,5
브리무음,명상,1.5,번치코,2
브리무음,명상,1.5,대짱이,2
브리무음,명상,1.5,라이츄,3
브리무음,명상,1.5,블래키,3
브리무음,명상,1.5,다크펫,3
브리무음,명상,1.5,더시마사리,3
브리무음,명상,1.5,핫삼,2
브리무음,명상,1.5,오롱털,2
브리무음,명상,1.5,픽시,4
브리무음,명상,1.5,카디나르마,5
브리무음,명상,1.5,앱솔,2
브리무음,명상,1.5,찌리배리,4
브리무음,명상,1.5,맘모꾸리,3
브리무음,명상,1.5,파라블레이즈,3
브리무음,명상,1.5,패리퍼,3
브리무음,명상,1.5,찌르호크,3
브리무음,명상,1.5,대검귀,2
브리무음,명상,1.5,마기라스,3
브리무음,명상,1.5,이어롭,3
브리무음,명상,1.5,플라엣테,4
브리무음,명상,1.5,배바닐라,3
브리무음,명상,1.5,드래펄트,2
브리무음,명상,1.5,입치트,2
브리무음,명상,1.5,메가니움,4
브리무음,명상,1.5,메타몽,2
브리무음,명상,1.5,이상해꽃,3
브리무음,명상,1.5,밀로틱,4
브리무음,명상,1.5,스코빌런,3
브리무음,명상,1.5,아쿠스타,3
브리무음,명상,1.5,몰드류,3
브리무음,명상,1.5,조로아크(히스이),3
브리무음,명상,1.5,미끄래곤(히스이),4
브리무음,명상,1.5,잠만보,4
브리무음,명상,1.5,무장조,3
브리무음,명상,1.5,클레스퍼트라,3
브리무음,명상,1.5,창파나이트,2
브리무음,명상,1.5,우츠보트,2
브리무음,명상,1.5,가라르야도킹,4
브리무음,명상,1.5,깜까미,2
브리무음,명상,1.5,엘풍,3
브리무음,명상,1.5,저승갓숭,3
브리무음,명상,1.5,스트린더(하이),2
브리무음,명상,1.5,샤미드,4
브리무음,명상,1.5,사마자르,3
브리무음,명상,1.5,인텔리레온,3
브리무음,명상,1.5,깨비물거미,4
브리무음,명상,1.5,가디안,4
브리무음,명상,1.5,왕구리,3
브리무음,명상,1.5,엘레이드,3
브리무음,명상,1.5,눈여아,3
브리무음,명상,1.5,어흥염,4
브리무음,명상,1.5,마릴리,3
브리무음,명상,1.5,올리르바,3
브리무음,명상,1.5,스트린더(로우),2
브리무음,명상,1.5,펜드라,2
브리무음,명상,1.5,화염레오,3
브리무음,명상,1.5,윈디(히스이),3
브리무음,명상,1.5,캥카,3
브리무음,명상,1.5,꿈트렁,3
브리무음,명상,1.5,에써르(암컷),3
브리무음,명상,1.5,후딘,3
브리무음,명상,1.5,드래캄,2
눈여아,나쁜음모,2,보만다,2
눈여아,나쁜음모,2,한카리아스,2
눈여아,나쁜음모,2,누리레느,3
눈여아,나쁜음모,2,갑주무사,3
눈여아,나쁜음모,2,하마돈,2
눈여아,나쁜음모,2,루카리오,3
눈여아,나쁜음모,2,드닐레이브,3
눈여아,나쁜음모,2,브리두라스,3
눈여아,나쁜음모,2,타부자고,3
눈여아,나쁜음모,2,따라큐,2
눈여아,나쁜음모,2,고릴타,2
눈여아,나쁜음모,2,킬가르도,3
눈여아,나쁜음모,2,마스카나,2
눈여아,나쁜음모,2,갸라도스,2
눈여아,나쁜음모,2,아머까오,3
눈여아,나쁜음모,2,킬라플로르,3
눈여아,나쁜음모,2,대쓰여너,2
눈여아,나쁜음모,2,리자몽,3
눈여아,나쁜음모,2,포푸니크,3
눈여아,나쁜음모,2,개굴닌자,3
눈여아,나쁜음모,2,에이스번,3
눈여아,나쁜음모,2,알로라 나인테일,3
눈여아,나쁜음모,2,에써르(수컷),3
눈여아,나쁜음모,2,워시로토무,3
눈여아,나쁜음모,2,불카모스,4
눈여아,나쁜음모,2,빠르모트,2
눈여아,나쁜음모,2,라우드본,3
눈여아,나쁜음모,2,삼삼드래,2
눈여아,나쁜음모,2,메타그로스,2
눈여아,나쁜음모,2,망나뇽,2
눈여아,나쁜음모,2,님피아,4
눈여아,나쁜음모,2,히트로토무,3
눈여아,나쁜음모,2,거북왕,3
눈여아,나쁜음모,2,대도각참,4
눈여아,나쁜음모,2,팬텀,2
눈여아,나쁜음모,2,마폭시,2
눈여아,나쁜음모,2,엠페르트,3
눈여아,나쁜음모,2,번치코,3
눈여아,나쁜음모,2,대짱이,3
눈여아,나쁜음모,2,라이츄,3
눈여아,나쁜음모,2,블래키,4
눈여아,나쁜음모,2,다크펫,2
눈여아,나쁜음모,2,더시마사리,3
눈여아,나쁜음모,2,핫삼,3
눈여아,나쁜음모,2,오롱털,3
눈여아,나쁜음모,2,픽시,3
눈여아,나쁜음모,2,카디나르마,2
눈여아,나쁜음모,2,앱솔,2
눈여아,나쁜음모,2,찌리배리,4
눈여아,나쁜음모,2,맘모꾸리,3
눈여아,나쁜음모,2,파라블레이즈,2
눈여아,나쁜음모,2,패리퍼,2
눈여아,나쁜음모,2,찌르호크,2
눈여아,나쁜음모,2,대검귀,3
눈여아,나쁜음모,2,마기라스,3
눈여아,나쁜음모,2,이어롭,3
눈여아,나쁜음모,2,플라엣테,3
눈여아,나쁜음모,2,배바닐라,3
눈여아,나쁜음모,2,드래펄트,2
눈여아,나쁜음모,2,입치트,3
눈여아,나쁜음모,2,메가니움,2
눈여아,나쁜음모,2,메타몽,2
눈여아,나쁜음모,2,이상해꽃,2
눈여아,나쁜음모,2,밀로틱,4
눈여아,나쁜음모,2,스코빌런,3
눈여아,나쁜음모,2,아쿠스타,2
눈여아,나쁜음모,2,몰드류,3
눈여아,나쁜음모,2,조로아크(히스이),2
눈여아,나쁜음모,2,미끄래곤(히스이),3
눈여아,나쁜음모,2,잠만보,6
눈여아,나쁜음모,2,무장조,3
눈여아,나쁜음모,2,클레스퍼트라,2
눈여아,나쁜음모,2,창파나이트,3
눈여아,나쁜음모,2,우츠보트,2
눈여아,나쁜음모,2,가라르야도킹,3
눈여아,나쁜음모,2,깜까미,3
눈여아,나쁜음모,2,엘풍,2
눈여아,나쁜음모,2,저승갓숭,3
눈여아,나쁜음모,2,스트린더(하이),3
눈여아,나쁜음모,2,샤미드,4
눈여아,나쁜음모,2,사마자르,3
눈여아,나쁜음모,2,인텔리레온,2
눈여아,나쁜음모,2,깨비물거미,3
눈여아,나쁜음모,2,가디안,3
눈여아,나쁜음모,2,왕구리,3
눈여아,나쁜음모,2,엘레이드,3
눈여아,나쁜음모,2,브리무음,2
눈여아,나쁜음모,2,어흥염,4
눈여아,나쁜음모,2,마릴리,3
눈여아,나쁜음모,2,올리르바,2
눈여아,나쁜음모,2,스트린더(로우),3
눈여아,나쁜음모,2,펜드라,3
눈여아,나쁜음모,2,화염레오,4
눈여아,나쁜음모,2,윈디(히스이),3
눈여아,나쁜음모,2,캥카,3
눈여아,나쁜음모,2,꿈트렁,3
눈여아,나쁜음모,2,에써르(암컷),3
눈여아,나쁜음모,2,후딘,2
눈여아,나쁜음모,2,드래캄,2
마릴리,배북,4,보만다,2
마릴리,배북,4,한카리아스,2
마릴리,배북,4,누리레느,2
마릴리,배북,4,갑주무사,3
마릴리,배북,4,하마돈,2
마릴리,배북,4,루카리오,2
마릴리,배북,4,드닐레이브,2
마릴리,배북,4,브리두라스,2
마릴리,배북,4,타부자고,3
마릴리,배북,4,따라큐,2
마릴리,배북,4,고릴타,3
마릴리,배북,4,킬가르도,3
마릴리,배북,4,마스카나,2
마릴리,배북,4,갸라도스,3
마릴리,배북,4,아머까오,3
마릴리,배북,4,킬라플로르,2
마릴리,배북,4,대쓰여너,3
마릴리,배북,4,리자몽,2
마릴리,배북,4,포푸니크,2
마릴리,배북,4,개굴닌자,2
마릴리,배북,4,에이스번,2
마릴리,배북,4,알로라 나인테일,2
마릴리,배북,4,에써르(수컷),2
마릴리,배북,4,워시로토무,2
마릴리,배북,4,불카모스,2
마릴리,배북,4,빠르모트,2
마릴리,배북,4,라우드본,2
마릴리,배북,4,삼삼드래,2
마릴리,배북,4,메타그로스,3
마릴리,배북,4,망나뇽,2
마릴리,배북,4,님피아,3
마릴리,배북,4,히트로토무,2
마릴리,배북,4,거북왕,3
마릴리,배북,4,대도각참,2
마릴리,배북,4,팬텀,2
마릴리,배북,4,마폭시,2
마릴리,배북,4,엠페르트,2
마릴리,배북,4,번치코,2
마릴리,배북,4,대짱이,3
마릴리,배북,4,라이츄,2
마릴리,배북,4,블래키,2
마릴리,배북,4,다크펫,2
마릴리,배북,4,더시마사리,5
마릴리,배북,4,핫삼,3
마릴리,배북,4,오롱털,2
마릴리,배북,4,픽시,3
마릴리,배북,4,카디나르마,2
마릴리,배북,4,앱솔,2
마릴리,배북,4,찌리배리,3
마릴리,배북,4,맘모꾸리,2
마릴리,배북,4,파라블레이즈,2
마릴리,배북,4,패리퍼,3
마릴리,배북,4,찌르호크,3
마릴리,배북,4,대검귀,2
마릴리,배북,4,마기라스,2
마릴리,배북,4,이어롭,2
마릴리,배북,4,플라엣테,3
마릴리,배북,4,배바닐라,2
마릴리,배북,4,드래펄트,2
마릴리,배북,4,입치트,3
마릴리,배북,4,메가니움,3
마릴리,배북,4,메타몽,2
마릴리,배북,4,이상해꽃,4
마릴리,배북,4,밀로틱,3
마릴리,배북,4,스코빌런,2
마릴리,배북,4,아쿠스타,2
마릴리,배북,4,몰드류,2
마릴리,배북,4,조로아크(히스이),2
마릴리,배북,4,미끄래곤(히스이),2
마릴리,배북,4,잠만보,2
마릴리,배북,4,무장조,3
마릴리,배북,4,클레스퍼트라,2
마릴리,배북,4,창파나이트,2
마릴리,배북,4,우츠보트,4
마릴리,배북,4,가라르야도킹,3
마릴리,배북,4,깜까미,2
마릴리,배북,4,엘풍,2
마릴리,배북,4,저승갓숭,2
마릴리,배북,4,스트린더(하이),2
마릴리,배북,4,샤미드,3
마릴리,배북,4,사마자르,2
마릴리,배북,4,인텔리레온,2
마릴리,배북,4,깨비물거미,3
마릴리,배북,4,가디안,2
마릴리,배북,4,왕구리,2
마릴리,배북,4,엘레이드,2
마릴리,배북,4,브리무음,3
마릴리,배북,4,눈여아,2
마릴리,배북,4,어흥염,2
마릴리,배북,4,올리르바,2
마릴리,배북,4,스트린더(로우),2
마릴리,배북,4,펜드라,3
마릴리,배북,4,화염레오,2
마릴리,배북,4,윈디(히스이),2
마릴리,배북,4,캥카,2
마릴리,배북,4,꿈트렁,2
마릴리,배북,4,에써르(암컷),2
마릴리,배북,4,후딘,2
마릴리,배북,4,드래캄,2
펜드라,칼춤,2,보만다,4
펜드라,칼춤,2,한카리아스,3
펜드라,칼춤,2,누리레느,2
펜드라,칼춤,2,갑주무사,3
펜드라,칼춤,2,하마돈,4
펜드라,칼춤,2,루카리오,2
펜드라,칼춤,2,드닐레이브,3
펜드라,칼춤,2,브리두라스,3
펜드라,칼춤,2,타부자고,3
펜드라,칼춤,2,따라큐,2
펜드라,칼춤,2,고릴타,2
펜드라,칼춤,2,킬가르도,3
펜드라,칼춤,2,마스카나,2
펜드라,칼춤,2,갸라도스,3
펜드라,칼춤,2,아머까오,6
펜드라,칼춤,2,킬라플로르,2
펜드라,칼춤,2,대쓰여너,4
펜드라,칼춤,2,리자몽,2
펜드라,칼춤,2,포푸니크,2
펜드라,칼춤,2,개굴닌자,2
펜드라,칼춤,2,에이스번,2
펜드라,칼춤,2,알로라 나인테일,2
펜드라,칼춤,2,에써르(수컷),2
펜드라,칼춤,2,워시로토무,3
펜드라,칼춤,2,불카모스,2
펜드라,칼춤,2,빠르모트,2
펜드라,칼춤,2,라우드본,3
펜드라,칼춤,2,삼삼드래,2
펜드라,칼춤,2,메타그로스,3
펜드라,칼춤,2,망나뇽,3
펜드라,칼춤,2,님피아,2
펜드라,칼춤,2,히트로토무,3
펜드라,칼춤,2,거북왕,3
펜드라,칼춤,2,대도각참,3
펜드라,칼춤,2,팬텀,2
펜드라,칼춤,2,마폭시,2
펜드라,칼춤,2,엠페르트,3
펜드라,칼춤,2,번치코,2
펜드라,칼춤,2,대짱이,3
펜드라,칼춤,2,라이츄,2
펜드라,칼춤,2,블래키,3
펜드라,칼춤,2,다크펫,3
펜드라,칼춤,2,더시마사리,3
펜드라,칼춤,2,핫삼,4
펜드라,칼춤,2,오롱털,2
펜드라,칼춤,2,픽시,2
펜드라,칼춤,2,카디나르마,3
펜드라,칼춤,2,앱솔,2
펜드라,칼춤,2,찌리배리,3
펜드라,칼춤,2,맘모꾸리,3
펜드라,칼춤,2,파라블레이즈,2
펜드라,칼춤,2,패리퍼,3
펜드라,칼춤,2,찌르호크,3
펜드라,칼춤,2,대검귀,2
펜드라,칼춤,2,마기라스,3
펜드라,칼춤,2,이어롭,2
펜드라,칼춤,2,플라엣테,2
펜드라,칼춤,2,배바닐라,3
펜드라,칼춤,2,드래펄트,3
펜드라,칼춤,2,입치트,3
펜드라,칼춤,2,메가니움,2
펜드라,칼춤,2,메타몽,2
펜드라,칼춤,2,이상해꽃,3
펜드라,칼춤,2,밀로틱,3
펜드라,칼춤,2,스코빌런,2
펜드라,칼춤,2,아쿠스타,2
펜드라,칼춤,2,몰드류,2
펜드라,칼춤,2,조로아크(히스이),3
펜드라,칼춤,2,미끄래곤(히스이),3
펜드라,칼춤,2,잠만보,3
펜드라,칼춤,2,무장조,6
펜드라,칼춤,2,클레스퍼트라,2
펜드라,칼춤,2,창파나이트,3
펜드라,칼춤,2,우츠보트,3
펜드라,칼춤,2,가라르야도킹,3
펜드라,칼춤,2,깜까미,3
펜드라,칼춤,2,엘풍,2
펜드라,칼춤,2,저승갓숭,4
펜드라,칼춤,2,스트린더(하이),2
펜드라,칼춤,2,샤미드,3
펜드라,칼춤,2,사마자르,3
펜드라,칼춤,2,인텔리레온,2
펜드라,칼춤,2,깨비물거미,3
펜드라,칼춤,2,가디안,2
펜드라,칼춤,2,왕구리,3
펜드라,칼춤,2,엘레이드,2
펜드라,칼춤,2,브리무음,2
펜드라,칼춤,2,눈여아,3
펜드라,칼춤,2,어흥염,3
펜드라,칼춤,2,마릴리,2
펜드라,칼춤,2,올리르바,2
펜드라,칼춤,2,스트린더(로우),2
펜드라,칼춤,2,화염레오,2
펜드라,칼춤,2,윈디(히스이),2
펜드라,칼춤,2,캥카,3
펜드라,칼춤,2,꿈트렁,6
펜드라,칼춤,2,에써르(암컷),2
펜드라,칼춤,2,후딘,2
펜드라,칼춤,2,드래캄,2
후딘,나쁜음모,2,보만다,3
후딘,나쁜음모,2,한카리아스,3
후딘,나쁜음모,2,누리레느,3
후딘,나쁜음모,2,갑주무사,3
후딘,나쁜음모,2,하마돈,3
후딘,나쁜음모,2,루카리오,2
후딘,나쁜음모,2,드닐레이브,2
후딘,나쁜음모,2,브리두라스,2
후딘,나쁜음모,2,타부자고,3
후딘,나쁜음모,2,따라큐,2
후딘,나쁜음모,2,고릴타,3
후딘,나쁜음모,2,킬가르도,3
후딘,나쁜음모,2,마스카나,2
후딘,나쁜음모,2,갸라도스,3
후딘,나쁜음모,2,아머까오,3
후딘,나쁜음모,2,킬라플로르,2
후딘,나쁜음모,2,대쓰여너,2
후딘,나쁜음모,2,리자몽,3
후딘,나쁜음모,2,포푸니크,2
후딘,나쁜음모,2,개굴닌자,2
후딘,나쁜음모,2,에이스번,3
후딘,나쁜음모,2,알로라 나인테일,3
후딘,나쁜음모,2,에써르(수컷),3
후딘,나쁜음모,2,워시로토무,2
후딘,나쁜음모,2,불카모스,3
후딘,나쁜음모,2,빠르모트,2
후딘,나쁜음모,2,라우드본,3
후딘,나쁜음모,2,삼삼드래,2
후딘,나쁜음모,2,메타그로스,2
후딘,나쁜음모,2,망나뇽,3
후딘,나쁜음모,2,님피아,4
후딘,나쁜음모,2,히트로토무,3
후딘,나쁜음모,2,거북왕,2
후딘,나쁜음모,2,대도각참,2
후딘,나쁜음모,2,팬텀,2
후딘,나쁜음모,2,마폭시,3
후딘,나쁜음모,2,엠페르트,2
후딘,나쁜음모,2,번치코,2
후딘,나쁜음모,2,대짱이,2
후딘,나쁜음모,2,라이츄,2
후딘,나쁜음모,2,블래키,3
후딘,나쁜음모,2,다크펫,2
후딘,나쁜음모,2,더시마사리,2
후딘,나쁜음모,2,핫삼,3
후딘,나쁜음모,2,오롱털,2
후딘,나쁜음모,2,픽시,3
후딘,나쁜음모,2,카디나르마,2
후딘,나쁜음모,2,앱솔,2
후딘,나쁜음모,2,찌리배리,3
후딘,나쁜음모,2,맘모꾸리,2
후딘,나쁜음모,2,파라블레이즈,3
후딘,나쁜음모,2,패리퍼,2
후딘,나쁜음모,2,찌르호크,3
후딘,나쁜음모,2,대검귀,2
후딘,나쁜음모,2,마기라스,2
후딘,나쁜음모,2,이어롭,2
후딘,나쁜음모,2,플라엣테,3
후딘,나쁜음모,2,배바닐라,2
후딘,나쁜음모,2,드래펄트,2
후딘,나쁜음모,2,입치트,2
후딘,나쁜음모,2,메가니움,3
후딘,나쁜음모,2,메타몽,2
후딘,나쁜음모,2,이상해꽃,2
후딘,나쁜음모,2,밀로틱,3
후딘,나쁜음모,2,스코빌런,2
후딘,나쁜음모,2,아쿠스타,2
후딘,나쁜음모,2,몰드류,2
후딘,나쁜음모,2,조로아크(히스이),2
후딘,나쁜음모,2,미끄래곤(히스이),2
후딘,나쁜음모,2,잠만보,3
후딘,나쁜음모,2,무장조,3
후딘,나쁜음모,2,클레스퍼트라,2
후딘,나쁜음모,2,창파나이트,2
후딘,나쁜음모,2,우츠보트,2
후딘,나쁜음모,2,가라르야도킹,3
후딘,나쁜음모,2,깜까미,2
후딘,나쁜음모,2,엘풍,2
후딘,나쁜음모,2,저승갓숭,2
후딘,나쁜음모,2,스트린더(하이),2
후딘,나쁜음모,2,샤미드,3
후딘,나쁜음모,2,사마자르,2
후딘,나쁜음모,2,인텔리레온,2
후딘,나쁜음모,2,깨비물거미,3
후딘,나쁜음모,2,가디안,3
후딘,나쁜음모,2,왕구리,2
후딘,나쁜음모,2,엘레이드,3
후딘,나쁜음모,2,브리무음,2
후딘,나쁜음모,2,눈여아,2
후딘,나쁜음모,2,어흥염,2
후딘,나쁜음모,2,마릴리,3
후딘,나쁜음모,2,올리르바,2
후딘,나쁜음모,2,스트린더(로우),2
후딘,나쁜음모,2,펜드라,2
후딘,나쁜음모,2,화염레오,2
후딘,나쁜음모,2,윈디(히스이),2
후딘,나쁜음모,2,캥카,2
후딘,나쁜음모,2,꿈트렁,2
후딘,나쁜음모,2,에써르(암컷),3
후딘,나쁜음모,2,드래캄,2