nash_value,stones,mega_slot,effective_roster_R,mirror_exposure,gap_exposure_pct,zero_answer_opps,members,pick_rates_pct
0.0854,2,마폭시,5.31,0.515,0.6,0,한카리아스|브리두라스|에이스번|워시로토무|님피아|마폭시,72|47|62|8|43|69
0.0854,2,마폭시,5.361,0.529,1.4,0,한카리아스|브리두라스|아머까오|에이스번|님피아|마폭시,72|50|9|58|43|68
0.0827,2,마폭시,5.384,0.482,0.6,0,한카리아스|타부자고|에이스번|워시로토무|님피아|마폭시,73|39|67|11|46|64
0.0823,2,마폭시,5.394,0.49,0.6,0,한카리아스|마스카나|에이스번|워시로토무|님피아|마폭시,74|35|66|12|50|63
0.0797,2,마폭시,5.322,0.497,2.3,0,한카리아스|타부자고|아머까오|에이스번|님피아|마폭시,75|40|9|64|49|64
0.0759,2,마폭시,5.77,0.304,0.6,0,보만다|브리두라스|타부자고|에이스번|님피아|마폭시,51|42|30|60|42|74
0.0753,2,마폭시,5.832,0.29,0.6,0,보만다|타부자고|마스카나|에이스번|님피아|마폭시,54|37|35|57|48|69
0.0734,2,마폭시,5.755,0.314,0.6,0,보만다|브리두라스|마스카나|에이스번|님피아|마폭시,50|43|28|59|45|75
0.0724,2,보만다,5.339,0.507,2.8,0,보만다|한카리아스|타부자고|에이스번|워시로토무|님피아,55|81|41|67|11|46
0.0713,2,마폭시,5.047,0.473,1.4,0,한카리아스|아머까오|에이스번|워시로토무|님피아|마폭시,79|12|74|16|53|67
0.0712,2,한카리아스,5.302,0.547,0.0,0,보만다|한카리아스|브리두라스|아머까오|에이스번|님피아,53|82|45|9|66|46
0.0708,2,망나뇽,5.296,0.524,2.8,0,한카리아스|타부자고|에이스번|워시로토무|망나뇽|님피아,85|42|72|11|46|45
0.0707,2,망나뇽,5.384,0.557,0.6,0,한카리아스|마스카나|아머까오|에이스번|망나뇽|님피아,85|45|13|67|46|43
0.0703,2,한카리아스,5.248,0.52,0.0,0,보만다|한카리아스|타부자고|아머까오|에이스번|님피아,56|82|40|8|65|48
0.0702,2,마폭시,4.971,0.461,0.6,0,한카리아스|고릴타|에이스번|워시로토무|님피아|마폭시,78|13|75|12|54|69
0.07,2,마폭시,5.398,0.294,0.7,0,브리두라스|에이스번|워시로토무|망나뇽|님피아|마폭시,54|74|11|48|42|71
0.0699,2,마폭시,4.919,0.553,2.4,1,한카리아스|브리두라스|아머까오|에이스번|워시로토무|마폭시,73|66|11|70|11|69
0.0698,2,마폭시,5.396,0.286,0.6,0,보만다|브리두라스|에이스번|워시로토무|님피아|마폭시,50|50|66|11|46|77
0.0692,2,마폭시,5.369,0.296,1.4,0,보만다|브리두라스|아머까오|에이스번|님피아|마폭시,51|52|9|66|46|75
0.0691,2,한카리아스,5.375,0.537,3.6,0,보만다|한카리아스|마스카나|아머까오|에이스번|님피아,51|83|42|11|64|48
0.069,2,망나뇽,5.295,0.572,3.8,0,한카리아스|브리두라스|아머까오|에이스번|망나뇽|님피아,86|46|11|69|48|41
0.0689,2,망나뇽,5.239,0.542,0.6,0,한카리아스|타부자고|아머까오|에이스번|망나뇽|님피아,87|41|9|70|46|47
0.0684,2,마폭시,5.434,0.289,0.6,0,보만다|브리두라스|고릴타|에이스번|님피아|마폭시,49|51|12|64|45|78
0.0676,2,마폭시,5.369,0.289,1.4,0,보만다|브리두라스|에이스번|님피아|히트로토무|마폭시,51|51|65|48|9|76
0.0675,2,마폭시,5.566,0.247,0.6,0,보만다|타부자고|에이스번|워시로토무|님피아|마폭시,55|42|66|17|49|72
0.0664,2,마폭시,5.558,0.248,0.6,0,보만다|타부자고|고릴타|에이스번|님피아|마폭시,56|41|16|65|49|73
0.0662,2,마폭시,5.542,0.255,1.6,0,타부자고|에이스번|워시로토무|망나뇽|님피아|마폭시,45|73|16|54|46|66
0.0651,2,마폭시,5.567,0.248,0.6,0,보만다|타부자고|에이스번|삼삼드래|님피아|마폭시,54|38|66|18|51|72
0.0644,2,마폭시,5.522,0.26,0.6,0,보만다|마스카나|에이스번|워시로토무|님피아|마폭시,55|40|64|15|54|72
0.0638,2,마폭시,5.328,0.25,2.3,0,보만다|타부자고|에이스번|님피아|히트로토무|마폭시,58|41|66|53|8|73
0.0636,2,한카리아스,4.979,0.567,0.0,0,한카리아스|타부자고|갸라도스|아머까오|에이스번|님피아,95|42|41|6|77|40
0.0628,2,마폭시,5.312,0.256,2.3,0,보만다|타부자고|아머까오|에이스번|님피아|마폭시,59|41|8|68|52|73
0.0626,2,마폭시,5.335,0.272,1.7,0,보만다|누리레느|타부자고|에이스번|님피아|마폭시,59|8|45|65|51|72
0.0625,2,마폭시,5.468,0.275,1.4,0,보만다|마스카나|아머까오|에이스번|님피아|마폭시,56|44|12|65|52|71
0.0623,2,마폭시,5.172,0.31,0.7,0,브리두라스|갸라도스|아머까오|에이스번|님피아|마폭시,51|41|7|66|45|89
0.062,2,갑주무사,5.229,0.578,3.8,0,한카리아스|갑주무사|타부자고|마스카나|에이스번|님피아,93|13|43|41|72|39
0.0619,2,한카리아스,5.024,0.592,0.0,0,한카리아스|브리두라스|갸라도스|아머까오|에이스번|님피아,96|40|38|8|78|40
0.0617,2,망나뇽,5.88,0.306,2.8,0,보만다|타부자고|마스카나|에이스번|망나뇽|님피아,53|38|42|64|62|42
0.061,2,마폭시,5.531,0.196,0.6,0,보만다|에이스번|워시로토무|빠르모트|님피아|마폭시,54|63|16|38|54|75
0.0608,1,한카리아스,5.14,0.591,0.0,0,한카리아스|타부자고|마스카나|아머까오|에이스번|님피아,96|39|43|11|72|40
0.0595,2,마폭시,5.025,0.51,2.4,1,한카리아스|타부자고|아머까오|에이스번|워시로토무|마폭시,77|53|11|78|16|65
0.059,2,한카리아스,5.032,0.497,0.8,0,보만다|한카리아스|아머까오|에이스번|님피아|히트로토무,58|87|11|72|54|18
0.0589,2,한카리아스,5.02,0.501,3.6,0,보만다|한카리아스|아머까오|에이스번|워시로토무|님피아,59|87|11|71|16|55
0.0589,2,마폭시,5.129,0.532,0.6,1,한카리아스|마스카나|아머까오|에이스번|워시로토무|마폭시,82|43|18|81|17|60
0.057,2,마폭시,5.485,0.22,1.4,0,보만다|킬가르도|에이스번|워시로토무|님피아|마폭시,60|24|68|22|52|74
0.0569,2,망나뇽,5.113,0.513,1.4,0,한카리아스|아머까오|에이스번|망나뇽|님피아|히트로토무,90|15|76|48|52|19
0.0569,2,마폭시,5.312,0.343,2.8,1,보만다|브리두라스|마스카나|에이스번|워시로토무|마폭시,51|65|30|68|12|75
0.0568,2,마폭시,5.368,0.353,0.6,1,보만다|브리두라스|마스카나|아머까오|에이스번|마폭시,51|64|32|12|68|73
0.0567,2,망나뇽,5.788,0.311,10.1,0,보만다|브리두라스|타부자고|에이스번|망나뇽|님피아,64|43|31|68|54|39
0.0565,2,망나뇽,5.1,0.511,3.8,0,한카리아스|아머까오|에이스번|워시로토무|망나뇽|님피아,88|16|76|17|51|53
0.0564,2,마폭시,5.327,0.341,7.9,1,보만다|브리두라스|타부자고|아머까오|에이스번|마폭시,56|60|37|9|66|72
0.0562,2,마폭시,5.11,0.273,1.6,0,타부자고|갸라도스|아머까오|에이스번|님피아|마폭시,41|50|5|68|49|87
0.0546,2,망나뇽,5.063,0.255,0.6,0,아머까오|개굴닌자|에이스번|워시로토무|망나뇽|님피아,14|74|76|15|73|49
0.054,2,한카리아스,4.865,0.538,0.0,0,한카리아스|갸라도스|아머까오|에이스번|님피아|히트로토무,97|46|10|83|45|19
0.0535,2,마폭시,5.224,0.217,1.4,0,보만다|아머까오|에이스번|워시로토무|님피아|마폭시,61|12|74|23|56|74
0.0535,2,마폭시,5.306,0.21,0.6,0,보만다|에이스번|워시로토무|삼삼드래|님피아|마폭시,55|74|17|21|58|75
0.0531,2,마폭시,5.213,0.209,0.6,0,보만다|고릴타|에이스번|워시로토무|님피아|마폭시,60|19|74|15|56|77
0.0525,2,마폭시,5.202,0.216,1.4,0,보만다|고릴타|아머까오|에이스번|님피아|마폭시,60|23|12|76|55|75
0.0521,2,마폭시,5.288,0.214,0.6,0,보만다|대쓰여너|에이스번|워시로토무|님피아|마폭시,62|16|71|20|57|74
0.052,2,마폭시,5.181,0.208,1.4,0,보만다|에이스번|워시로토무|님피아|히트로토무|마폭시,59|74|21|58|12|76
0.0516,2,마폭시,5.24,0.223,3.7,0,아머까오|에이스번|워시로토무|망나뇽|님피아|마폭시,14|83|23|60|54|67
0.0514,2,마폭시,4.993,0.32,7.9,1,보만다|브리두라스|아머까오|에이스번|워시로토무|마폭시,58|68|12|73|13|76
0.0509,1,마폭시,5.258,0.319,0.7,0,브리두라스|마스카나|아머까오|에이스번|님피아|마폭시,49|34|12|66|46|92
0.0509,2,마폭시,5.434,0.349,1.4,0,보만다|타부자고|마스카나|아머까오|님피아|마폭시,66|47|45|11|57|73
0.0508,2,마폭시,5.377,0.315,0.6,1,보만다|타부자고|마스카나|아머까오|에이스번|마폭시,58|54|41|9|70|68
0.0505,2,마폭시,5.12,0.211,1.4,0,보만다|에이스번|워시로토무|불카모스|님피아|마폭시,61|75|22|9|58|76
0.0504,2,마폭시,5.013,0.313,2.8,1,보만다|브리두라스|에이스번|알로라 나인테일|워시로토무|마폭시,56|68|72|12|13|78
0.0503,2,마폭시,5.107,0.208,0.8,0,보만다|에이스번|워시로토무|님피아|마폭시|엠페르트,63|74|23|56|76|9
0.0502,1,한카리아스,4.936,0.569,0.0,0,한카리아스|마스카나|아머까오|에이스번|님피아|히트로토무,98|49|14|77|46|15
0.05,2,마폭시,5.014,0.576,1.2,0,한카리아스|타부자고|아머까오|워시로토무|님피아|마폭시,85|54|12|16|55|78
0.0498,1,한카리아스,4.832,0.572,3.6,0,한카리아스|마스카나|아머까오|에이스번|워시로토무|님피아,98|50|14|80|11|47
0.0498,2,망나뇽,5.48,0.257,10.1,0,보만다|타부자고|에이스번|워시로토무|망나뇽|님피아,67|42|72|14|60|46
0.0498,2,마폭시,5.066,0.211,1.4,0,보만다|에이스번|알로라 나인테일|워시로토무|님피아|마폭시,61|74|7|22|58|76
0.0494,2,갑주무사,4.941,0.555,3.8,0,한카리아스|갑주무사|마스카나|에이스번|워시로토무|님피아,96|18|47|80|12|47
0.0493,2,마폭시,4.915,0.211,1.4,0,보만다|에이스번|워시로토무|라우드본|님피아|마폭시,63|76|23|4|58|77
0.0492,2,마폭시,4.983,0.222,0.8,0,보만다|누리레느|에이스번|워시로토무|님피아|마폭시,62|5|75|23|58|76
0.0492,2,마폭시,5.297,0.378,1.6,0,보만다|브리두라스|타부자고|아머까오|님피아|마폭시,65|62|38|9|49|78
0.049,2,망나뇽,5.48,0.307,11.2,0,보만다|브리두라스|아머까오|에이스번|망나뇽|님피아,65|53|12|71|56|43
0.049,2,망나뇽,5.467,0.256,10.1,0,보만다|타부자고|에이스번|망나뇽|님피아|히트로토무,67|42|73|58|46|13
0.0489,2,갑주무사,4.929,0.535,5.7,0,한카리아스|갑주무사|타부자고|에이스번|워시로토무|님피아,94|18|52|82|12|42
0.0487,1,마폭시,5.107,0.309,2.6,0,브리두라스|타부자고|아머까오|에이스번|님피아|마폭시,55|31|8|69|46|92
0.0485,1,마폭시,5.2,0.286,2.3,0,타부자고|마스카나|아머까오|에이스번|님피아|마폭시,40|40|10|67|52|91
0.0484,2,망나뇽,5.534,0.288,0.6,0,보만다|마스카나|아머까오|에이스번|망나뇽|님피아,56|48|14|71|64|48
0.048,2,마폭시,4.795,0.211,1.4,0,보만다|에이스번|워시로토무|님피아|마폭시|찌리배리,62|77|23|59|77|1
0.048,2,망나뇽,5.453,0.257,10.1,0,보만다|타부자고|고릴타|에이스번|망나뇽|님피아,67|42|13|73|60|46
0.0472,2,망나뇽,5.246,0.306,0.6,0,마스카나|갸라도스|아머까오|에이스번|망나뇽|님피아,51|40|10|77|82|39
0.0466,2,망나뇽,5.31,0.266,7.9,0,보만다|타부자고|아머까오|에이스번|망나뇽|님피아,69|42|8|73|59|48
0.0464,1,한카리아스,4.784,0.547,0.0,0,한카리아스|타부자고|아머까오|에이스번|워시로토무|님피아,97|51|11|83|13|46
0.0464,2,마폭시,4.92,0.235,0.7,0,갸라도스|아머까오|에이스번|워시로토무|님피아|마폭시,50|9|76|18|57|91
0.0463,2,망나뇽,5.493,0.262,2.8,0,보만다|타부자고|에이스번|알로라 나인테일|망나뇽|님피아,66|43|70|13|61|47
0.0462,1,한카리아스,4.943,0.579,0.0,0,한카리아스|브리두라스|아머까오|에이스번|님피아|히트로토무,97|50|12|77|46|17
0.046,2,갑주무사,4.914,0.567,5.7,0,한카리아스|갑주무사|브리두라스|에이스번|워시로토무|님피아,94|21|51|82|10|43
0.0453,2,마폭시,5.259,0.288,0.7,1,마스카나|아머까오|에이스번|워시로토무|망나뇽|마폭시,54|19|88|19|67|52
0.0452,1,마폭시,4.948,0.285,0.7,0,브리두라스|아머까오|에이스번|워시로토무|님피아|마폭시,58|12|74|15|48|92
0.0451,1,한카리아스,4.846,0.544,0.9,0,한카리아스|타부자고|아머까오|에이스번|님피아|히트로토무,96|50|11|81|47|16
0.0448,1,망나뇽,5.241,0.304,4.2,0,타부자고|마스카나|에이스번|망나뇽|님피아|히트로토무,39|51|72|88|39|11
0.0446,1,망나뇽,5.222,0.302,4.2,0,타부자고|마스카나|에이스번|워시로토무|망나뇽|님피아,38|49|74|12|89|37
0.0443,2,보만다,5.35,0.261,0.6,0,보만다|타부자고|갸라도스|에이스번|님피아|히트로토무,86|40|44|71|46|14
0.0442,1,마폭시,5.014,0.291,0.6,0,브리두라스|아머까오|에이스번|삼삼드래|님피아|마폭시,58|11|70|19|48|93
0.0442,1,한카리아스,4.777,0.584,0.0,0,한카리아스|브리두라스|아머까오|에이스번|워시로토무|님피아,97|53|13|81|11|46
0.0442,2,망나뇽,5.438,0.271,0.6,0,마스카나|아머까오|에이스번|망나뇽|님피아|대짱이,55|13|75|71|45|41
0.0438,1,마폭시,4.915,0.284,4.7,0,브리두라스|아머까오|에이스번|님피아|히트로토무|마폭시,57|12|74|51|14|93
0.0437,1,마폭시,4.936,0.273,2.1,0,브리두라스|에이스번|워시로토무|님피아|히트로토무|마폭시,56|74|13|50|13|93
0.0434,2,마폭시,4.958,0.28,2.1,0,브리두라스|에이스번|워시로토무|님피아|마폭시|핫삼,60|75|16|50|89|11
0.0431,1,마폭시,4.913,0.282,2.1,0,브리두라스|에이스번|워시로토무|불카모스|님피아|마폭시,60|73|15|11|48|94
0.0429,2,갑주무사,5.503,0.288,2.0,0,보만다|갑주무사|타부자고|마스카나|에이스번|님피아,86|19|43|42|64|46
0.0428,1,망나뇽,5.182,0.314,0.6,0,타부자고|마스카나|아머까오|에이스번|망나뇽|님피아,38|53|10|72|88|39
0.0428,2,마폭시,5.023,0.173,0.7,0,드닐레이브|아머까오|에이스번|워시로토무|님피아|마폭시,57|11|78|17|55|83
0.0427,2,보만다,5.234,0.263,0.6,0,보만다|타부자고|갸라도스|에이스번|워시로토무|님피아,86|41|45|71|9|48
0.0426,1,마폭시,4.922,0.286,1.6,0,브리두라스|고릴타|아머까오|에이스번|님피아|마폭시,59|14|11|74|49|93
0.042,2,보만다,5.233,0.301,0.6,0,보만다|브리두라스|갸라도스|아머까오|에이스번|님피아,85|47|41|9|71|47
0.0417,2,마폭시,5.083,0.358,2.4,0,보만다|브리두라스|아머까오|님피아|히트로토무|마폭시,63|71|12|55|18|81
0.0413,1,마폭시,5.18,0.367,0.7,1,브리두라스|타부자고|마스카나|아머까오|에이스번|마폭시,59|37|37|10|67|91
0.0413,2,보만다,5.161,0.27,0.6,0,보만다|타부자고|갸라도스|아머까오|에이스번|님피아,86|42|45|7|70|50
0.0412,2,핫삼,5.501,0.29,2.0,0,보만다|타부자고|마스카나|에이스번|님피아|핫삼,83|44|44|66|45|18
0.0408,2,망나뇽,5.461,0.23,13.4,0,보만다|킬가르도|에이스번|워시로토무|망나뇽|님피아,68|27|75|19|62|50
0.0406,1,마폭시,5.146,0.254,0.7,0,마스카나|아머까오|에이스번|워시로토무|님피아|마폭시,45|14|71|23|54|93
0.0404,2,마폭시,5.021,0.361,4.0,0,보만다|브리두라스|아머까오|워시로토무|님피아|마폭시,64|71|13|14|55|83
0.04,2,망나뇽,5.186,0.287,7.9,0,타부자고|갸라도스|아머까오|에이스번|망나뇽|님피아,43|50|7|76|81|42
0.04,2,망나뇽,5.228,0.318,11.2,0,브리두라스|갸라도스|아머까오|에이스번|망나뇽|님피아,49|46|9|78|80|38
0.0397,1,보만다,5.351,0.281,4.2,0,보만다|타부자고|마스카나|에이스번|워시로토무|님피아,87|44|42|68|14|45
0.0388,1,보만다,5.357,0.282,4.2,0,보만다|타부자고|마스카나|에이스번|님피아|히트로토무,88|42|43|66|48|13
0.0381,1,마폭시,5.113,0.177,1.5,0,아머까오|에이스번|워시로토무|빠르모트|님피아|마폭시,12|71|25|45|55|92
0.0381,2,갑주무사,5.523,0.307,2.3,0,보만다|갑주무사|브리두라스|마스카나|에이스번|님피아,86|23|43|37|67|45
0.038,2,마폭시,5.122,0.535,2.0,0,한카리아스|아머까오|워시로토무|님피아|히트로토무|마폭시,87|19|22|63|29|79
0.0377,1,마폭시,5.05,0.235,1.6,0,타부자고|아머까오|에이스번|워시로토무|님피아|마폭시,45|10|75|26|52|92
0.0375,1,마폭시,5.107,0.242,1.5,0,타부자고|아머까오|에이스번|삼삼드래|님피아|마폭시,43|10|71|29|54|93
0.0375,2,마폭시,5.277,0.292,2.2,0,보만다|타부자고|워시로토무|님피아|히트로토무|마폭시,71|55|18|59|18|78
0.0371,1,망나뇽,5.291,0.336,0.6,0,브리두라스|마스카나|아머까오|에이스번|망나뇽|님피아,39|51|13|73|85|39
0.0368,1,보만다,5.226,0.292,0.6,0,보만다|타부자고|마스카나|아머까오|에이스번|님피아,88|43|44|9|67|48
0.0368,1,마폭시,4.913,0.344,0.7,1,브리두라스|마스카나|아머까오|에이스번|워시로토무|마폭시,68|35|14|74|15|93
0.0366,2,망나뇽,5.171,0.24,12.0,0,보만다|킬가르도|아머까오|에이스번|망나뇽|님피아,71|26|9|78|64|52
0.0366,2,마폭시,5.289,0.296,0.7,0,보만다|타부자고|워시로토무|불카모스|님피아|마폭시,71|55|21|16|58|79
0.0365,2,마폭시,5.3,0.317,1.5,0,보만다|마스카나|아머까오|님피아|히트로토무|마폭시,65|52|15|65|23|79
0.0359,2,마폭시,5.162,0.306,0.7,0,보만다|타부자고|아머까오|워시로토무|님피아|마폭시,71|58|12|20|58|80
0.0358,2,마폭시,5.35,0.28,0.6,1,보만다|마스카나|아머까오|에이스번|워시로토무|마폭시,61|51|19|78|21|70
0.0355,1,망나뇽,5.069,0.297,0.6,0,킬가르도|마스카나|아머까오|에이스번|망나뇽|님피아,26|58|9|74|90|42
0.0355,2,마폭시,5.267,0.319,4.3,0,보만다|마스카나|아머까오|워시로토무|님피아|마폭시,68|52|16|21|63|81
0.0351,1,보만다,5.358,0.289,4.2,0,보만다|브리두라스|타부자고|에이스번|님피아|히트로토무,87|45|37|71|45|16
0.035,1,한카리아스,4.844,0.516,0.0,0,한카리아스|킬가르도|아머까오|에이스번|워시로토무|님피아,98|31|13|84|18|55
0.0349,2,망나뇽,5.246,0.227,11.2,0,보만다|아머까오|에이스번|워시로토무|망나뇽|님피아,70|14|79|21|60|56
0.0349,2,메타그로스,5.127,0.264,0.6,0,보만다|아머까오|에이스번|워시로토무|메타그로스|님피아,73|9|78|24|62|54
0.0348,1,보만다,5.315,0.287,4.2,0,보만다|브리두라스|타부자고|에이스번|워시로토무|님피아,89|43|37|72|15|45
0.0346,2,망나뇽,5.175,0.227,8.7,0,보만다|아머까오|에이스번|망나뇽|님피아|히트로토무,68|14|82|63|54|19
0.0346,2,망나뇽,5.263,0.219,11.4,0,보만다|에이스번|워시로토무|불카모스|망나뇽|님피아,69|81|19|17|61|53
0.0345,2,망나뇽,5.082,0.292,0.6,0,갑주무사|마스카나|아머까오|에이스번|망나뇽|님피아,21|61|11|76|85|45
0.0344,1,망나뇽,5.134,0.29,0.6,0,마스카나|아머까오|포푸니크|에이스번|망나뇽|님피아,56|10|31|74|88|41
0.0342,2,마폭시,5.153,0.305,3.4,0,보만다|타부자고|아머까오|님피아|히트로토무|마폭시,74|55|12|60|20|79
0.0339,2,망나뇽,5.197,0.225,11.2,0,보만다|고릴타|아머까오|에이스번|망나뇽|님피아,68|21|13|82|61|54
0.0339,2,마폭시,5.229,0.31,0.6,0,보만다|타부자고|아머까오|삼삼드래|님피아|마폭시,71|55|14|21|60|78
0.033,2,갑주무사,5.363,0.272,10.5,0,보만다|갑주무사|브리두라스|에이스번|님피아|히트로토무,85|28|52|71|46|18
0.0327,1,보만다,5.154,0.303,0.6,0,보만다|브리두라스|타부자고|아머까오|에이스번|님피아,90|48|36|8|70|47
0.0326,1,보만다,5.283,0.316,0.6,0,보만다|브리두라스|마스카나|아머까오|에이스번|님피아,88|43|41|11|69|47
0.0323,1,망나뇽,5.021,0.285,0.6,0,마스카나|아머까오|에이스번|망나뇽|님피아|히트로토무,57|15|78|90|44|16
0.0323,1,한카리아스,4.729,0.504,0.0,0,한카리아스|아머까오|에이스번|워시로토무|님피아|히트로토무,98|18|89|15|57|23
0.0316,1,망나뇽,5,0.285,0.6,0,마스카나|아머까오|에이스번|워시로토무|망나뇽|님피아,58|15|79|15|90|43
0.0316,1,망나뇽,5.127,0.29,0.6,0,마스카나|아머까오|대쓰여너|에이스번|망나뇽|님피아,57|12|25|75|89|42
0.0315,2,망나뇽,5.063,0.233,8.7,0,보만다|아머까오|에이스번|불카모스|망나뇽|님피아,72|13|83|15|64|54
0.0314,1,망나뇽,5.101,0.323,7.9,0,브리두라스|타부자고|아머까오|에이스번|망나뇽|님피아,54|34|8|77|87|40
0.0314,2,갑주무사,5.198,0.276,9.6,0,보만다|갑주무사|브리두라스|에이스번|워시로토무|님피아,86|28|54|74|12|46
0.0312,2,망나뇽,4.97,0.294,0.6,0,마스카나|아머까오|에이스번|망나뇽|님피아|핫삼,63|13|78|85|47|14
0.0312,2,갑주무사,4.758,0.504,5.1,0,한카리아스|갑주무사|아머까오|에이스번|워시로토무|님피아,97|22|14|89|20|58
0.0311,2,마폭시,4.949,0.291,0.7,1,마스카나|갸라도스|아머까오|에이스번|워시로토무|마폭시,50|48|13|86|16|87
0.031,2,갑주무사,5.32,0.253,3.1,0,보만다|갑주무사|마스카나|에이스번|님피아|히트로토무,86|23|49|70|54|19
0.0308,2,보만다,5.07,0.232,1.4,0,보만다|갸라도스|아머까오|에이스번|님피아|히트로토무,88|48|11|77|54|22
0.0306,1,망나뇽,5.061,0.273,5.5,0,마스카나|에이스번|워시로토무|불카모스|망나뇽|님피아,56|80|15|18|87|44
0.0302,1,한카리아스,4.706,0.51,0.0,0,한카리아스|아머까오|에이스번|워시로토무|불카모스|님피아,98|17|89|19|18|59
0.0302,2,망나뇽,5.094,0.249,7.9,0,갸라도스|아머까오|에이스번|망나뇽|님피아|히트로토무,53|12|84|84|44|23
0.0302,2,갑주무사,5.231,0.253,2.3,0,보만다|갑주무사|마스카나|에이스번|워시로토무|님피아,87|25|48|73|15|52
0.03,2,망나뇽,5.081,0.31,11.2,0,갑주무사|브리두라스|아머까오|에이스번|망나뇽|님피아,25|62|10|77|85|41
0.0299,2,갑주무사,5.066,0.288,8.7,0,보만다|갑주무사|브리두라스|아머까오|에이스번|님피아,87|24|58|9|74|48
0.0298,1,망나뇽,4.976,0.291,0.6,0,마스카나|아머까오|에이스번|불카모스|망나뇽|님피아,59|14|78|15|90|44
0.0296,1,망나뇽,4.956,0.285,0.6,0,고릴타|마스카나|아머까오|에이스번|망나뇽|님피아,14|59|13|80|89|45
0.0295,1,마폭시,5.049,0.297,0.7,1,타부자고|마스카나|아머까오|에이스번|워시로토무|마폭시,57|42|12|76|21|91
0.0291,2,보만다,5.195,0.235,2.0,0,보만다|타부자고|에이스번|워시로토무|님피아|핫삼,87|50|76|18|49|19
0.0285,2,망나뇽,5.162,0.266,7.9,0,아머까오|에이스번|워시로토무|메타그로스|망나뇽|님피아,10|88|26|58|67|51
0.0279,1,마폭시,5.031,0.2,0.6,0,아머까오|에이스번|워시로토무|삼삼드래|님피아|마폭시,14|78|25|31|58|94
0.0279,1,망나뇽,4.799,0.292,0.6,0,마스카나|아머까오|에이스번|라우드본|망나뇽|님피아,63|12|79|10|91|46
0.0277,1,한카리아스,4.787,0.51,3.6,0,한카리아스|아머까오|에이스번|알로라 나인테일|워시로토무|님피아,99|17|87|18|22|57
0.0276,2,갑주무사,5.077,0.269,1.4,0,보만다|갑주무사|마스카나|아머까오|에이스번|님피아,87|21|54|11|74|52
0.0274,1,망나뇽,4.976,0.312,11.2,0,브리두라스|킬가르도|아머까오|에이스번|망나뇽|님피아,61|25|8|78|88|41
0.0274,1,망나뇽,4.875,0.293,0.6,0,마스카나|아머까오|에이스번|삼삼드래|망나뇽|님피아,59|17|78|9|91|47
0.0271,1,마폭시,4.973,0.203,3.7,0,킬가르도|아머까오|에이스번|워시로토무|님피아|마폭시,25|11|79|32|58|94
0.0271,2,망나뇽,5.083,0.251,9.3,0,타부자고|에이스번|워시로토무|망나뇽|님피아|핫삼,50|82|18|89|44|17
0.027,1,보만다,5.018,0.279,1.4,0,보만다|브리두라스|아머까오|에이스번|님피아|히트로토무,89|57|10|75|49|19
0.0265,2,보만다,4.918,0.233,4.2,0,보만다|갸라도스|아머까오|에이스번|워시로토무|님피아,89|48|11|80|15|58
0.0264,1,망나뇽,5.039,0.301,7.9,0,브리두라스|아머까오|에이스번|망나뇽|님피아|히트로토무,60|13|79|87|42|19
0.0264,1,보만다,5.069,0.23,4.2,0,보만다|타부자고|에이스번|워시로토무|님피아|히트로토무,91|50|77|17|49|16
0.0264,1,망나뇽,4.764,0.307,0.0,0,누리레느|마스카나|아머까오|에이스번|망나뇽|님피아,6|62|16|80|91|46
0.0264,1,마폭시,4.692,0.311,0.7,1,브리두라스|아머까오|에이스번|알로라 나인테일|워시로토무|마폭시,76|15|80|15|20|94
0.0264,2,망나뇽,5.026,0.266,7.9,0,갑주무사|타부자고|아머까오|에이스번|망나뇽|님피아,25|54|8|78|88|48
0.0263,1,망나뇽,4.794,0.291,0.0,0,마스카나|아머까오|에이스번|망나뇽|님피아|엠페르트,62|15|79|92|46|8
0.026,1,보만다,5.101,0.234,4.2,0,보만다|타부자고|에이스번|워시로토무|불카모스|님피아,91|50|75|20|15|49
0.026,1,보만다,5.011,0.267,5.8,0,보만다|브리두라스|에이스번|워시로토무|님피아|히트로토무,90|54|77|12|49|18
0.0258,1,보만다,5.108,0.269,5.8,0,보만다|브리두라스|에이스번|워시로토무|불카모스|님피아,90|53|76|15|19|48
0.0255,2,망나뇽,4.905,0.252,11.2,0,갸라도스|아머까오|에이스번|워시로토무|망나뇽|님피아,54|12|85|13|85|51
0.0255,2,갑주무사,5.117,0.246,3.7,0,보만다|갑주무사|타부자고|에이스번|알로라 나인테일|님피아,87|26|54|71|9|52
0.0254,1,보만다,4.958,0.282,0.6,0,보만다|브리두라스|아머까오|에이스번|워시로토무|님피아,90|58|12|77|15|49
0.0254,1,마폭시,4.907,0.197,0.7,0,아머까오|대쓰여너|에이스번|워시로토무|님피아|마폭시,12|25|82|26|62|93
0.0253,1,마폭시,4.937,0.193,3.7,0,아머까오|에이스번|워시로토무|님피아|히트로토무|마폭시,16|81|30|61|18|94
0.0253,2,망나뇽,4.93,0.315,11.2,0,브리두라스|아머까오|에이스번|망나뇽|님피아|핫삼,67|11|79|85|43|16
0.0246,1,망나뇽,4.606,0.297,0.6,0,마스카나|아머까오|에이스번|망나뇽|님피아|찌리배리,64|16|80|91|46|2
0.0244,1,보만다,4.984,0.237,0.6,0,보만다|타부자고|아머까오|에이스번|워시로토무|님피아,91|48|10|77|20|53
0.0244,1,망나뇽,4.617,0.295,0.6,0,마스카나|아머까오|에이스번|알로라 나인테일|망나뇽|님피아,62|16|80|2|91|48
0.0243,1,보만다,5.085,0.257,1.4,0,보만다|마스카나|아머까오|에이스번|님피아|히트로토무,89|51|11|74|53|21
0.0242,1,마폭시,4.951,0.192,0.7,0,고릴타|아머까오|에이스번|워시로토무|님피아|마폭시,22|15|81|28|59|96
0.0242,1,보만다,5.027,0.259,4.2,0,보만다|마스카나|아머까오|에이스번|워시로토무|님피아,91|51|12|74|18|54
0.0241,1,망나뇽,4.982,0.247,11.5,0,타부자고|에이스번|워시로토무|망나뇽|님피아|히트로토무,49|83|14|93|44|18
0.0241,1,보만다,4.965,0.284,1.4,0,보만다|브리두라스|아머까오|에이스번|불카모스|님피아,91|56|10|76|18|49
0.0237,1,망나뇽,4.879,0.303,11.2,0,브리두라스|아머까오|에이스번|워시로토무|망나뇽|님피아,61|13|82|13|89|42
0.0237,1,망나뇽,5.095,0.252,4.2,0,타부자고|에이스번|알로라 나인테일|워시로토무|망나뇽|님피아,49|79|21|17|94|40
0.0237,1,망나뇽,5.089,0.263,8.8,0,타부자고|아머까오|포푸니크|에이스번|망나뇽|님피아,42|8|38|74|93|45
0.0235,1,망나뇽,4.967,0.308,7.9,0,브리두라스|아머까오|에이스번|불카모스|망나뇽|님피아,62|12|79|17|88|42
0.0235,1,망나뇽,4.987,0.251,11.5,0,타부자고|에이스번|워시로토무|불카모스|망나뇽|님피아,48|81|17|15|94|45
0.0235,1,보만다,4.983,0.284,0.6,0,보만다|브리두라스|아머까오|에이스번|삼삼드래|님피아,92|55|13|75|16|50
0.0231,1,보만다,4.926,0.282,0.6,0,보만다|브리두라스|고릴타|아머까오|에이스번|님피아,90|58|15|11|78|48
0.023,1,보만다,5.017,0.244,0.6,0,보만다|타부자고|아머까오|에이스번|삼삼드래|님피아,94|47|11|74|22|53
0.0224,1,보만다,4.913,0.238,2.3,0,보만다|타부자고|아머까오|에이스번|님피아|히트로토무,92|50|9|79|53|18
0.0222,1,마폭시,4.818,0.196,3.7,0,아머까오|에이스번|워시로토무|불카모스|님피아|마폭시,15|82|34|12|62|95
0.0221,1,보만다,4.931,0.24,0.6,0,보만다|타부자고|고릴타|아머까오|에이스번|님피아,92|50|18|10|76|54
0.0217,1,망나뇽,4.885,0.256,7.9,0,타부자고|아머까오|에이스번|워시로토무|망나뇽|님피아,46|11|81|17|96|48
0.0215,1,망나뇽,4.977,0.256,8.8,0,타부자고|아머까오|에이스번|망나뇽|님피아|히트로토무,50|11|81|92|46|21
0.0213,2,망나뇽,5.184,0.202,7.9,0,아머까오|에이스번|워시로토무|망나뇽|님피아|대짱이,17|85|19|77|56|47
0.0212,1,망나뇽,4.747,0.309,11.2,0,브리두라스|아머까오|에이스번|라우드본|망나뇽|님피아,65|11|81|9|89|46
0.0212,1,망나뇽,4.899,0.301,11.2,0,브리두라스|고릴타|아머까오|에이스번|망나뇽|님피아,60|13|13|82|88|44
0.0211,1,마폭시,4.849,0.195,3.7,0,아머까오|에이스번|알로라 나인테일|워시로토무|님피아|마폭시,15|81|13|35|62|94
0.0211,2,망나뇽,4.827,0.266,8.8,0,타부자고|아머까오|에이스번|망나뇽|님피아|핫삼,56|9|82|90|48|14
0.0211,2,마폭시,4.774,0.193,3.7,0,아머까오|에이스번|워시로토무|님피아|마폭시|핫삼,15|83|38|64|90|9
0.0205,1,마폭시,4.758,0.214,3.1,0,누리레느|아머까오|에이스번|워시로토무|님피아|마폭시,8|17|81|35|62|95
0.0204,1,망나뇽,4.933,0.308,3.8,0,브리두라스|아머까오|에이스번|알로라 나인테일|망나뇽|님피아,61|13|80|14|89|43
0.0201,1,마폭시,4.679,0.193,3.7,0,아머까오|에이스번|워시로토무|라우드본|님피아|마폭시,16|83|35|7|64|95
0.0201,2,마폭시,5.131,0.22,1.4,1,보만다|아머까오|에이스번|알로라 나인테일|워시로토무|마폭시,68|19|86|20|31|76
0.02,1,망나뇽,4.807,0.331,10.6,0,누리레느|브리두라스|아머까오|에이스번|망나뇽|님피아,9|65|14|79|89|45
0.0197,2,마폭시,5.211,0.257,1.5,0,보만다|아머까오|워시로토무|님피아|히트로토무|마폭시,74|20|30|68|24|84
0.0196,1,보만다,4.843,0.245,2.3,0,보만다|타부자고|아머까오|에이스번|불카모스|님피아,93|52|10|78|14|54
0.0193,1,망나뇽,4.992,0.265,1.5,0,타부자고|아머까오|에이스번|알로라 나인테일|망나뇽|님피아,52|11|77|21|94|45
0.0193,1,망나뇽,4.94,0.26,7.9,0,타부자고|아머까오|대쓰여너|에이스번|망나뇽|님피아,44|11|20|80|95|50
0.0192,1,망나뇽,4.862,0.258,7.9,0,타부자고|고릴타|아머까오|에이스번|망나뇽|님피아,49|15|11|81|95|49
0.0191,1,망나뇽,4.909,0.262,7.9,0,타부자고|아머까오|에이스번|삼삼드래|망나뇽|님피아,47|12|80|16|96|49
0.019,1,보만다,4.948,0.304,2.8,1,보만다|타부자고|마스카나|아머까오|에이스번|워시로토무,86|58|50|11|79|16
0.0184,1,망나뇽,4.882,0.264,8.8,0,타부자고|아머까오|에이스번|불카모스|망나뇽|님피아,52|11|81|15|93|48
0.0184,1,보만다,4.779,0.268,1.7,0,보만다|누리레느|타부자고|아머까오|에이스번|님피아,92|10|54|10|77|56
0.0179,1,망나뇽,4.968,0.264,8.8,0,타부자고|킬가르도|아머까오|에이스번|망나뇽|님피아,43|22|11|80|95|49
0.0179,1,보만다,4.824,0.248,2.3,0,보만다|타부자고|아머까오|에이스번|알로라 나인테일|님피아,94|54|10|75|12|55
0.0179,2,마폭시,5.134,0.257,7.6,0,보만다|고릴타|아머까오|워시로토무|님피아|마폭시,76|28|18|24|69|85
0.0172,2,마폭시,5.129,0.263,1.5,0,보만다|아머까오|워시로토무|불카모스|님피아|마폭시,76|18|32|21|68|85
0.0165,1,보만다,5.119,0.178,0.6,0,보만다|아머까오|에이스번|워시로토무|빠르모트|님피아,91|13|73|23|42|58
0.0162,1,망나뇽,4.806,0.288,8.3,0,누리레느|타부자고|아머까오|에이스번|망나뇽|님피아,11|53|12|79|94|52
0.0158,1,마폭시,4.92,0.254,1.6,1,타부자고|아머까오|에이스번|알로라 나인테일|워시로토무|마폭시,67|13|77|21|29|93
0.0158,2,마폭시,5.202,0.264,7.4,0,보만다|아머까오|워시로토무|삼삼드래|님피아|마폭시,75|21|28|24|68|84
0.015,1,보만다,5.191,0.195,3.6,0,보만다|킬가르도|에이스번|워시로토무|님피아|히트로토무,93|30|76|24|54|23
0.0149,2,망나뇽,5.281,0.32,8.1,0,보만다|타부자고|아머까오|망나뇽|님피아|히트로토무,80|64|14|63|56|24
0.0148,1,망나뇽,5.018,0.197,11.2,0,아머까오|에이스번|워시로토무|빠르모트|망나뇽|님피아,14|81|19|40|93|53
0.0144,1,망나뇽,4.642,0.264,8.8,0,타부자고|아머까오|에이스번|라우드본|망나뇽|님피아,53|12|82|5|94|53
0.0137,1,마폭시,5.058,0.311,0.7,0,누리레느|마스카나|아머까오|에이스번|워시로토무|마폭시,22|54|20|81|28|95
0.013,1,망나뇽,4.406,0.267,8.8,0,타부자고|아머까오|에이스번|망나뇽|님피아|찌리배리,55|13|83|96|53|1
0.0129,1,망나뇽,4.945,0.223,11.2,0,아머까오|포푸니크|에이스번|워시로토무|망나뇽|님피아,11|43|82|21|95|49
0.0127,1,망나뇽,4.948,0.227,11.2,0,킬가르도|아머까오|에이스번|워시로토무|망나뇽|님피아,34|13|83|22|96|51
0.0122,1,망나뇽,5.007,0.223,10.9,0,킬가르도|아머까오|에이스번|망나뇽|님피아|히트로토무,33|13|84|93|51|26
0.0121,1,보만다,4.996,0.205,1.4,0,보만다|킬가르도|아머까오|에이스번|워시로토무|님피아,94|29|12|80|28|57
0.012,2,망나뇽,4.984,0.215,11.2,0,갑주무사|아머까오|에이스번|워시로토무|망나뇽|님피아,27|15|87|24|88|59
0.0118,1,보만다,5.079,0.202,0.6,0,보만다|아머까오|포푸니크|에이스번|워시로토무|님피아,91|11|38|78|27|54
0.0107,1,보만다,4.986,0.199,1.4,0,보만다|아머까오|에이스번|삼삼드래|님피아|히트로토무,95|14|81|30|56|25
0.0107,2,갑주무사,4.968,0.193,3.1,0,보만다|갑주무사|에이스번|알로라 나인테일|워시로토무|님피아,91|32|81|10|25|59
0.0106,2,보만다,4.905,0.194,1.4,0,보만다|아머까오|에이스번|워시로토무|님피아|핫삼,90|12|87|29|59|23
0.0096,1,보만다,4.95,0.19,1.4,0,보만다|아머까오|에이스번|워시로토무|님피아|히트로토무,93|15|84|24|59|25
0.0086,1,보만다,4.952,0.2,4.2,0,보만다|아머까오|에이스번|워시로토무|삼삼드래|님피아,95|16|82|22|27|58
0.0083,1,망나뇽,4.904,0.211,7.9,0,아머까오|에이스번|워시로토무|망나뇽|님피아|히트로토무,20|89|20|94|54|23
0.0081,1,보만다,4.887,0.194,1.4,0,보만다|아머까오|에이스번|워시로토무|불카모스|님피아,93|15|86|29|19|59
0.0081,1,보만다,4.915,0.189,1.4,0,보만다|고릴타|아머까오|에이스번|님피아|히트로토무,93|22|14|85|58|28
0.0073,1,망나뇽,5.027,0.216,3.6,0,아머까오|에이스번|알로라 나인테일|망나뇽|님피아|히트로토무,18|85|26|95|50|26
0.0073,2,망나뇽,4.88,0.213,11.2,0,아머까오|에이스번|워시로토무|망나뇽|님피아|핫삼,16|90|28|91|57|19
0.0071,1,마폭시,4.777,0.266,0.7,1,마스카나|아머까오|에이스번|워시로토무|라우드본|마폭시,58|21|86|33|8|95
0.007,1,망나뇽,4.966,0.218,7.9,0,아머까오|에이스번|삼삼드래|망나뇽|님피아|히트로토무,20|86|21|95|53|26
0.0069,1,망나뇽,4.865,0.232,7.9,0,하마돈|아머까오|에이스번|워시로토무|망나뇽|님피아,22|16|87|23|95|57
0.0068,1,망나뇽,5.04,0.206,5.5,0,에이스번|알로라 나인테일|워시로토무|불카모스|망나뇽|님피아,86|24|23|23|93|50
0.0066,1,망나뇽,4.908,0.209,7.9,0,고릴타|아머까오|에이스번|망나뇽|님피아|히트로토무,20|17|90|93|53|26
0.0065,1,망나뇽,4.845,0.219,11.2,0,아머까오|대쓰여너|에이스번|워시로토무|망나뇽|님피아,15|25|87|20|95|57
0.0064,1,망나뇽,4.843,0.216,7.9,0,아머까오|에이스번|워시로토무|불카모스|망나뇽|님피아,17|89|24|19|95|56
0.0063,1,망나뇽,4.998,0.217,3.8,0,아머까오|에이스번|알로라 나인테일|워시로토무|망나뇽|님피아,18|84|24|26|95|52
0.0061,1,보만다,4.829,0.19,4.2,0,보만다|고릴타|아머까오|에이스번|워시로토무|님피아,94|21|14|88|23|60
0.0047,1,망나뇽,4.88,0.21,11.2,0,아머까오|에이스번|워시로토무|망나뇽|님피아|맘모꾸리,18|88|22|96|54|22
0.004,1,망나뇽,5.014,0.216,3.8,0,고릴타|아머까오|에이스번|알로라 나인테일|망나뇽|님피아,25|17|85|27|94|51
0.0038,1,망나뇽,4.763,0.211,11.2,0,고릴타|아머까오|에이스번|워시로토무|망나뇽|님피아,20|17|91|19|95|58
0.0037,1,보만다,4.72,0.193,5.0,0,보만다|아머까오|에이스번|워시로토무|라우드본|님피아,95|16|86|30|10|63
0.0035,1,망나뇽,4.811,0.22,11.2,0,아머까오|에이스번|워시로토무|삼삼드래|망나뇽|님피아,20|87|22|17|98|57
0.0033,1,망나뇽,4.835,0.214,7.9,0,고릴타|아머까오|에이스번|불카모스|망나뇽|님피아,25|16|90|19|94|56
0.0031,1,보만다,4.751,0.197,5.0,0,보만다|아머까오|에이스번|알로라 나인테일|워시로토무|님피아,97|16|82|11|31|63
0.0031,1,망나뇽,4.86,0.225,7.9,0,아머까오|에이스번|불카모스|삼삼드래|망나뇽|님피아,19|87|19|23|96|56
0.0022,1,망나뇽,4.699,0.215,11.2,0,아머까오|에이스번|워시로토무|라우드본|망나뇽|님피아,19|89|25|11|96|60
0.0022,1,망나뇽,4.947,0.225,3.8,0,아머까오|에이스번|알로라 나인테일|삼삼드래|망나뇽|님피아,19|83|25|20|96|56
0.0015,1,망나뇽,4.693,0.211,7.9,0,아머까오|에이스번|워시로토무|망나뇽|님피아|카디나르마,17|90|23|98|59|13
0.0009,1,망나뇽,4.644,0.214,10.6,0,아머까오|에이스번|워시로토무|망나뇽|님피아|엠페르트,19|89|26|97|60|8
0.0006,1,망나뇽,4.757,0.238,10.6,0,누리레느|아머까오|에이스번|워시로토무|망나뇽|님피아,10|21|88|27|95|59
0.0002,1,망나뇽,4.638,0.223,11.2,0,따라큐|아머까오|에이스번|워시로토무|망나뇽|님피아,7|21|90|26|96|59
-0.0012,1,망나뇽,4.44,0.217,10.6,0,아머까오|에이스번|워시로토무|망나뇽|님피아|블래키,20|91|27|98|62|2
-0.0017,1,망나뇽,4.381,0.217,11.2,0,아머까오|에이스번|워시로토무|망나뇽|님피아|찌리배리,21|91|27|97|63|1
-0.0018,1,망나뇽,4.379,0.218,11.2,0,아머까오|에이스번|워시로토무|망나뇽|님피아|대도각참,20|91|28|98|62|1
-0.0019,1,망나뇽,4.382,0.217,10.6,0,아머까오|에이스번|워시로토무|망나뇽|님피아|오롱털,21|91|28|97|62|1
-0.002,1,망나뇽,4.356,0.217,11.2,0,아머까오|에이스번|에써르(수컷)|워시로토무|망나뇽|님피아,21|91|1|27|98|63
-0.0259,0,,5.618,0.296,3.5,0,브리두라스|마스카나|포푸니크|에이스번|님피아|히트로토무,55|52|45|83|42|22
-0.0263,0,,5.641,0.261,3.4,0,타부자고|마스카나|포푸니크|에이스번|님피아|히트로토무,47|56|44|82|47|23
-0.0268,0,,5.581,0.261,2.4,0,타부자고|마스카나|포푸니크|에이스번|워시로토무|님피아,48|56|44|86|22|45
-0.0275,0,,5.613,0.315,10.8,1,브리두라스|타부자고|마스카나|에이스번|님피아|히트로토무,49|42|53|87|44|25
-0.0292,0,,5.414,0.316,2.4,0,브리두라스|마스카나|아머까오|포푸니크|에이스번|님피아,59|53|13|46|85|44
-0.0292,0,,5.394,0.243,6.2,0,타부자고|마스카나|아머까오|에이스번|빠르모트|님피아,52|54|12|86|46|51
-0.0306,0,,5.406,0.337,9.2,0,브리두라스|타부자고|마스카나|아머까오|에이스번|님피아,53|44|55|13|88|47
-0.031,0,,5.391,0.281,3.4,0,타부자고|마스카나|아머까오|포푸니크|에이스번|님피아,53|59|12|45|84|47
-0.0314,0,,5.534,0.255,8.3,0,타부자고|마스카나|대쓰여너|에이스번|님피아|히트로토무,45|59|31|89|49|27
-0.033,0,,5.5,0.258,9.0,1,타부자고|마스카나|에이스번|삼삼드래|님피아|히트로토무,53|57|88|28|50|24
-0.0337,0,,5.57,0.229,1.6,0,마스카나|대쓰여너|포푸니크|에이스번|님피아|히트로토무,60|35|47|86|47|25
-0.0345,0,,5.422,0.253,10.1,1,타부자고|마스카나|에이스번|워시로토무|님피아|히트로토무,52|60|90|20|49|29
-0.0349,0,,5.543,0.284,12.6,0,브리두라스|타부자고|포푸니크|에이스번|님피아|히트로토무,65|41|48|84|40|22
-0.0363,0,,5.344,0.308,6.2,0,브리두라스|마스카나|아머까오|에이스번|님피아|히트로토무,60|57|17|89|51|26
-0.0365,0,,5.301,0.268,6.5,0,타부자고|마스카나|아머까오|에이스번|님피아|히트로토무,54|61|15|90|52|29
-0.0365,0,,5.264,0.277,4.1,0,타부자고|마스카나|아머까오|대쓰여너|에이스번|님피아,51|63|12|33|90|51
-0.0366,0,,5.328,0.277,8.6,0,타부자고|마스카나|아머까오|에이스번|삼삼드래|님피아,56|60|14|89|30|51
-0.0367,0,,5.382,0.265,10.8,1,타부자고|마스카나|에이스번|워시로토무|불카모스|님피아,57|61|89|24|21|48
-0.0367,0,,5.329,0.312,6.2,0,브리두라스|마스카나|아머까오|대쓰여너|에이스번|님피아,60|55|14|34|90|48
-0.0373,0,,5.236,0.275,8.3,0,타부자고|마스카나|아머까오|에이스번|워시로토무|님피아,57|63|15|91|24|50
-0.0379,0,,5.207,0.329,11.6,1,브리두라스|마스카나|아머까오|포푸니크|에이스번|히트로토무,68|55|14|53|87|22
-0.0383,0,,5.314,0.263,10.7,1,타부자고|마스카나|에이스번|불카모스|님피아|히트로토무,56|61|89|15|52|27
-0.0385,0,,5.359,0.193,6.0,0,마스카나|아머까오|에이스번|빠르모트|님피아|히트로토무,58|15|89|54|54|30
-0.0386,0,,5.291,0.29,9.5,1,누리레느|타부자고|마스카나|에이스번|님피아|히트로토무,14|56|61|91|48|30
-0.0394,0,,5.253,0.32,7.3,0,브리두라스|마스카나|아머까오|에이스번|불카모스|님피아,65|56|16|90|23|50
-0.0398,0,,5.306,0.222,15.2,0,브리두라스|아머까오|에이스번|빠르모트|님피아|히트로토무,67|14|87|54|48|29
-0.0404,0,,5.278,0.355,16.7,1,브리두라스|타부자고|마스카나|아머까오|에이스번|히트로토무,64|51|55|15|89|26
-0.0405,0,,5.487,0.217,3.5,0,마스카나|포푸니크|에이스번|워시로토무|님피아|히트로토무,60|48|88|24|51|29
-0.0407,0,,5.261,0.298,13.4,1,브리두라스|마스카나|에이스번|워시로토무|님피아|히트로토무,61|58|89|14|51|26
-0.0412,0,,5.203,0.315,8.4,0,브리두라스|마스카나|아머까오|에이스번|워시로토무|님피아,64|57|18|91|18|51
-0.0416,0,,5.199,0.284,9.4,0,타부자고|마스카나|아머까오|에이스번|불카모스|님피아,61|62|14|89|21|53
-0.0417,0,,5.089,0.319,10.6,0,브리두라스|마스카나|아머까오|에이스번|라우드본|님피아,66|58|15|91|16|53
-0.0423,0,,5.313,0.236,4.7,0,마스카나|아머까오|포푸니크|에이스번|님피아|히트로토무,64|15|51|89|52|29
-0.0425,0,,5.311,0.193,6.0,0,마스카나|아머까오|에이스번|워시로토무|빠르모트|님피아,57|16|91|27|53|56
-0.0427,0,,5.52,0.224,2.6,0,마스카나|포푸니크|에이스번|워시로토무|불카모스|님피아,61|47|87|30|25|50
-0.0427,0,,5.053,0.317,7.2,0,누리레느|타부자고|마스카나|아머까오|에이스번|님피아,16|60|65|14|92|53
-0.0433,0,,5.184,0.27,13.8,0,브리두라스|아머까오|포푸니크|에이스번|님피아|히트로토무,75|13|55|87|45|26
-0.0435,0,,5.447,0.225,9.0,0,킬가르도|마스카나|에이스번|워시로토무|님피아|히트로토무,42|63|89|22|53|30
-0.0438,0,,4.985,0.281,10.1,0,타부자고|마스카나|아머까오|에이스번|라우드본|님피아,60|65|13|92|14|56
-0.0441,0,,5.318,0.253,12.7,0,브리두라스|포푸니크|에이스번|워시로토무|님피아|히트로토무,71|52|87|19|46|24
-0.0442,0,,5.295,0.233,2.4,0,마스카나|아머까오|포푸니크|에이스번|워시로토무|님피아,62|14|52|91|30|51
-0.0447,0,,5.251,0.278,14.9,0,브리두라스|아머까오|포푸니크|에이스번|삼삼드래|님피아,75|13|50|85|31|46
-0.0451,0,,5.239,0.231,1.2,0,마스카나|아머까오|대쓰여너|에이스번|님피아|히트로토무,66|14|42|94|54|30
-0.0457,0,,5.365,0.278,18.8,1,브리두라스|타부자고|에이스번|워시로토무|님피아|히트로토무,66|51|90|20|46|27
-0.0461,0,,5.212,0.225,20.1,0,브리두라스|아머까오|에이스번|워시로토무|빠르모트|님피아,69|15|89|23|55|50
-0.0462,0,,5.264,0.218,9.3,0,마스카나|대쓰여너|에이스번|워시로토무|님피아|히트로토무,66|38|95|17|54|30
-0.0467,0,,5.184,0.199,5.0,0,마스카나|아머까오|에이스번|빠르모트|라우드본|님피아,61|15|91|54|21|59
-0.0472,0,,5.268,0.295,16.2,0,브리두라스|타부자고|아머까오|에이스번|님피아|히트로토무,69|52|14|89|48|28
-0.0472,0,,5.272,0.237,7.2,0,킬가르도|마스카나|아머까오|에이스번|님피아|히트로토무,42|64|13|90|57|34
-0.0474,0,,5.12,0.272,16.5,0,브리두라스|아머까오|포푸니크|에이스번|워시로토무|님피아,76|12|54|89|23|45
-0.0488,0,,5.285,0.242,6.9,0,킬가르도|마스카나|아머까오|에이스번|워시로토무|님피아,43|66|15|91|30|56
-0.0493,0,,5.188,0.325,12.3,1,브리두라스|마스카나|아머까오|대쓰여너|에이스번|히트로토무,69|59|14|39|92|27
-0.0496,0,,5.277,0.233,6.3,0,마스카나|아머까오|에이스번|삼삼드래|님피아|히트로토무,68|19|93|32|57|30
-0.0498,0,,5.187,0.301,18.1,0,브리두라스|타부자고|아머까오|에이스번|워시로토무|님피아,71|54|14|89|24|48
-0.0508,0,,5.152,0.234,7.0,0,마스카나|아머까오|대쓰여너|에이스번|워시로토무|님피아,67|16|39|96|23|58
-0.0509,0,,5.165,0.24,3.4,0,마스카나|아머까오|대쓰여너|에이스번|불카모스|님피아,67|14|44|94|24|56
-0.0509,0,,5.31,0.259,17.7,0,브리두라스|킬가르도|에이스번|워시로토무|님피아|히트로토무,74|41|90|19|48|28
-0.0512,0,,5.233,0.227,5.5,0,마스카나|아머까오|에이스번|워시로토무|님피아|히트로토무,69|20|94|25|57|34
-0.0517,0,,5.154,0.26,10.8,0,브리두라스|아머까오|대쓰여너|에이스번|님피아|히트로토무,73|12|41|92|52|29
-0.0517,0,,5.111,0.286,15.9,0,하마돈|브리두라스|아머까오|에이스번|님피아|히트로토무,31|77|14|92|56|29
-0.0521,0,,5.185,0.271,16.9,0,브리두라스|킬가르도|아머까오|에이스번|님피아|히트로토무,76|38|13|90|52|31
-0.0522,0,,5.187,0.27,15.0,0,브리두라스|아머까오|에이스번|삼삼드래|님피아|히트로토무,79|17|89|35|53|26
-0.0522,0,,5.212,0.272,15.2,0,브리두라스|아머까오|대쓰여너|에이스번|삼삼드래|님피아,75|14|36|89|31|55
-0.0527,0,,5.123,0.246,7.2,0,하마돈|마스카나|아머까오|에이스번|님피아|히트로토무,24|67|17|97|62|33
-0.0531,0,,5.12,0.281,18.3,1,타부자고|마스카나|아머까오|에이스번|워시로토무|히트로토무,69|65|17|94|26|28
-0.0534,0,,5.259,0.23,12.3,0,마스카나|아머까오|에이스번|워시로토무|삼삼드래|님피아,65|19|94|28|33|61
-0.0535,0,,5.312,0.215,10.2,1,마스카나|에이스번|워시로토무|불카모스|님피아|히트로토무,67|93|28|24|58|30
-0.0536,0,,5.253,0.232,6.6,0,마스카나|아머까오|에이스번|워시로토무|불카모스|님피아,68|19|94|33|29|57
-0.0548,0,,5.041,0.333,16.6,1,브리두라스|마스카나|아머까오|에이스번|워시로토무|히트로토무,77|61|20|94|19|30
-0.055,0,,5.189,0.227,6.6,0,고릴타|마스카나|아머까오|에이스번|님피아|히트로토무,20|69|21|94|59|37
-0.0552,0,,5.218,0.243,7.4,0,마스카나|아머까오|에이스번|불카모스|삼삼드래|님피아,69|20|93|23|35|59
-0.0552,0,,5.052,0.341,19.2,1,브리두라스|마스카나|아머까오|에이스번|워시로토무|불카모스,78|61|18|93|22|28
-0.0554,0,,5.075,0.377,13.8,0,누리레느|브리두라스|마스카나|아머까오|에이스번|히트로토무,21|75|61|19|94|30
-0.0558,0,,5.173,0.233,8.6,0,마스카나|아머까오|에이스번|불카모스|님피아|히트로토무,69|20|96|24|60|32
-0.056,0,,5.154,0.212,11.5,1,마스카나|에이스번|워시로토무|라우드본|님피아|히트로토무,69|95|25|18|62|32
-0.0561,0,,5.195,0.25,10.2,0,하마돈|마스카나|아머까오|에이스번|워시로토무|님피아,27|66|19|95|31|62
-0.0567,0,,5.09,0.229,10.2,0,마스카나|아머까오|에이스번|워시로토무|라우드본|님피아,70|18|96|33|22|62
-0.057,0,,5.16,0.22,11.2,1,마스카나|에이스번|워시로토무|불카모스|라우드본|님피아,69|95|31|27|17|61
-0.0571,0,,5.099,0.24,11.0,0,마스카나|아머까오|에이스번|라우드본|삼삼드래|님피아,71|17|93|19|38|62
-0.0574,0,,5,0.229,8.6,0,마스카나|아머까오|에이스번|라우드본|님피아|히트로토무,71|17|97|17|63|34
-0.0579,0,,5.128,0.28,16.2,0,브리두라스|아머까오|에이스번|불카모스|삼삼드래|님피아,81|18|90|22|35|54
-0.058,0,,5.062,0.266,14.2,0,브리두라스|아머까오|에이스번|워시로토무|님피아|히트로토무,82|20|93|21|54|30
-0.058,0,,5.089,0.27,7.0,0,누리레느|마스카나|아머까오|에이스번|님피아|히트로토무,18|71|20|97|58|36
-0.0584,0,,5.084,0.27,20.7,0,브리두라스|아머까오|에이스번|워시로토무|삼삼드래|님피아,79|18|92|19|35|56
-0.0586,0,,5.06,0.247,6.2,0,따라큐|마스카나|아머까오|에이스번|님피아|히트로토무,15|72|20|95|59|38
-0.0586,0,,5.048,0.27,18.3,0,브리두라스|아머까오|에이스번|불카모스|님피아|히트로토무,81|18|93|21|56|30
-0.0587,0,,5.155,0.223,10.0,0,마스카나|아머까오|에이스번|워시로토무|님피아|카디나르마,71|19|95|31|60|25
-0.0589,0,,5.037,0.269,17.0,0,브리두라스|아머까오|대쓰여너|에이스번|워시로토무|님피아,78|15|37|93|20|57
-0.059,0,,5.281,0.211,17.6,0,타부자고|아머까오|에이스번|삼삼드래|님피아|히트로토무,69|16|91|40|55|29
-0.0594,0,,5.142,0.253,19.0,1,브리두라스|에이스번|워시로토무|불카모스|님피아|히트로토무,80|92|23|23|55|27
-0.0598,0,,5.066,0.271,15.3,0,브리두라스|아머까오|에이스번|워시로토무|불카모스|님피아,82|17|92|27|26|55
-0.0599,0,,5.262,0.111,15.0,0,아머까오|에이스번|워시로토무|빠르모트|님피아|히트로토무,19|93|29|68|58|32
-0.0603,0,,4.978,0.276,19.4,0,브리두라스|아머까오|에이스번|라우드본|삼삼드래|님피아,82|17|91|15|36|58
-0.0605,0,,4.946,0.336,8.4,1,브리두라스|마스카나|아머까오|에이스번|알로라 나인테일|히트로토무,77|62|20|95|12|34
-0.0609,0,,4.956,0.226,8.8,0,마스카나|아머까오|에이스번|님피아|히트로토무|엠페르트,70|21|97|62|40|11
-0.0609,0,,4.896,0.294,8.7,1,타부자고|마스카나|아머까오|에이스번|알로라 나인테일|히트로토무,75|67|19|94|12|33
-0.061,0,,5.171,0.264,10.1,0,브리두라스|아머까오|에이스번|알로라 나인테일|님피아|히트로토무,78|20|93|23|52|34
-0.0613,0,,5.064,0.266,16.3,0,브리두라스|고릴타|아머까오|에이스번|님피아|히트로토무,81|17|21|92|56|33
-0.0614,0,,4.9,0.267,18.3,0,브리두라스|아머까오|에이스번|라우드본|님피아|히트로토무,82|19|96|14|58|31
-0.0619,0,,4.906,0.236,9.6,0,마스카나|아머까오|에이스번|알로라 나인테일|님피아|히트로토무,73|21|96|9|61|40
-0.0619,0,,5.173,0.206,14.4,0,타부자고|아머까오|대쓰여너|에이스번|님피아|히트로토무,65|11|42|94|57|31
-0.0627,0,,5.024,0.301,14.8,0,누리레느|브리두라스|아머까오|에이스번|님피아|히트로토무,16|80|22|94|56|33
-0.0629,0,,4.684,0.235,9.1,0,마스카나|아머까오|에이스번|님피아|히트로토무|블래키,73|22|98|63|41|3
-0.0629,0,,5.206,0.233,17.6,1,하마돈|타부자고|아머까오|에이스번|님피아|히트로토무,35|68|14|93|58|32
-0.063,0,,4.743,0.235,9.6,0,마스카나|아머까오|에이스번|님피아|히트로토무|찌리배리,73|22|98|63|41|4
-0.063,0,,5.025,0.27,9.3,0,누리레느|마스카나|아머까오|에이스번|워시로토무|님피아,16|73|20|97|33|61
-0.063,0,,5.281,0.118,14.0,0,아머까오|에이스번|워시로토무|불카모스|빠르모트|님피아,18|93|35|31|68|55
-0.0631,0,,5.381,0.192,11.0,1,타부자고|에이스번|알로라 나인테일|워시로토무|님피아|히트로토무,69|92|26|28|51|34
-0.0634,0,,5.128,0.251,13.4,1,브리두라스|에이스번|알로라 나인테일|워시로토무|님피아|히트로토무,80|93|22|21|52|32
-0.0636,0,,4.939,0.282,16.3,0,브리두라스|따라큐|아머까오|에이스번|님피아|히트로토무,82|13|20|94|57|33
-0.0639,0,,5.273,0.203,16.7,0,타부자고|아머까오|에이스번|워시로토무|님피아|히트로토무,70|19|93|32|56|31
-0.0642,0,,4.941,0.27,18.6,0,브리두라스|아머까오|에이스번|워시로토무|라우드본|님피아,83|19|95|26|19|58
-0.0659,0,,4.979,0.262,15.1,0,브리두라스|아머까오|에이스번|워시로토무|님피아|카디나르마,83|17|94|25|58|23
-0.0664,0,,5.237,0.22,9.5,0,타부자고|아머까오|에이스번|알로라 나인테일|삼삼드래|님피아,71|16|90|26|41|56
-0.0673,0,,5.045,0.271,13.3,0,브리두라스|아머까오|에이스번|알로라 나인테일|워시로토무|님피아,82|19|92|21|28|57
-0.0676,0,,5.151,0.113,8.1,1,아머까오|에이스번|알로라 나인테일|빠르모트|님피아|히트로토무,18|93|21|73|58|38
-0.0684,0,,5.221,0.21,9.5,1,타부자고|아머까오|에이스번|알로라 나인테일|님피아|히트로토무,72|18|94|28|53|35
-0.0689,0,,5.191,0.211,19.0,0,타부자고|아머까오|에이스번|워시로토무|불카모스|님피아,73|17|92|40|24|55
-0.0694,0,,5.225,0.209,10.8,0,타부자고|아머까오|에이스번|알로라 나인테일|워시로토무|님피아,72|17|93|27|37|55
-0.0703,0,,5.492,0.143,5.7,0,포푸니크|에이스번|알로라 나인테일|워시로토무|님피아|히트로토무,59|92|28|33|53|35
-0.0708,0,,5.108,0.255,16.4,1,누리레느|타부자고|아머까오|에이스번|님피아|히트로토무,21|74|18|95|56|35
-0.0708,0,,5.396,0.153,16.0,0,아머까오|포푸니크|에이스번|워시로토무|님피아|히트로토무,20|60|93|36|55|36
-0.0714,0,,5.143,0.114,11.9,0,아머까오|에이스번|알로라 나인테일|워시로토무|빠르모트|님피아,19|94|21|36|69|61
-0.0752,0,,5.531,0.146,12.0,0,킬가르도|에이스번|알로라 나인테일|워시로토무|님피아|히트로토무,50|92|29|33|56|39
-0.0755,0,,5.385,0.157,17.4,0,킬가르도|아머까오|에이스번|워시로토무|님피아|히트로토무,52|18|93|37|61|39
-0.0763,0,,5.337,0.159,5.5,2,아머까오|포푸니크|에이스번|알로라 나인테일|님피아|히트로토무,17|63|92|31|56|41
-0.0768,0,,5.142,0.267,16.4,1,브리두라스|아머까오|에이스번|알로라 나인테일|워시로토무|히트로토무,83|24|96|31|27|38
-0.0769,0,,5.455,0.135,9.3,0,대쓰여너|에이스번|알로라 나인테일|워시로토무|님피아|히트로토무,45|95|29|30|61|41
-0.0774,0,,5.32,0.159,9.5,0,아머까오|포푸니크|에이스번|알로라 나인테일|워시로토무|님피아,18|63|92|28|42|57
-0.0778,0,,5.235,0.311,15.6,0,누리레느|마스카나|아머까오|에이스번|워시로토무|히트로토무,37|75|24|97|26|41
-0.078,0,,5.302,0.145,12.6,0,아머까오|대쓰여너|에이스번|워시로토무|님피아|히트로토무,18|48|97|32|65|40
-0.0781,0,,5.347,0.168,18.4,0,하마돈|아머까오|에이스번|워시로토무|님피아|히트로토무,36|20|95|40|68|42
-0.0794,0,,5.397,0.147,16.7,0,아머까오|에이스번|워시로토무|삼삼드래|님피아|히트로토무,25|96|31|45|64|39
-0.0807,0,,5.303,0.151,3.8,0,아머까오|대쓰여너|에이스번|알로라 나인테일|님피아|히트로토무,16|52|95|33|62|43
-0.0812,0,,5.466,0.132,11.7,1,에이스번|알로라 나인테일|워시로토무|삼삼드래|님피아|히트로토무,94|30|31|43|63|39
-0.0824,0,,5.423,0.152,9.3,0,아머까오|에이스번|알로라 나인테일|삼삼드래|님피아|히트로토무,24|95|31|46|62|42
-0.0825,0,,5.312,0.163,8.1,3,킬가르도|아머까오|에이스번|알로라 나인테일|님피아|히트로토무,56|17|95|31|58|44
-0.0849,0,,5.402,0.132,17.7,0,아머까오|에이스번|워시로토무|님피아|히트로토무|맘모꾸리,25|96|37|66|40|37
-0.0853,0,,5.205,0.231,7.7,1,마스카나|아머까오|에이스번|알로라 나인테일|워시로토무|히트로토무,73|29|97|19|34|48
-0.0859,0,,5.433,0.141,8.5,0,아머까오|에이스번|알로라 나인테일|워시로토무|님피아|히트로토무,25|95|32|41|62|44
-0.086,0,,5.236,0.192,16.4,0,누리레느|아머까오|에이스번|삼삼드래|님피아|히트로토무,19|25|97|51|67|42
-0.0878,0,,5.182,0.243,10.2,1,마스카나|아머까오|에이스번|알로라 나인테일|워시로토무|불카모스,74|28|97|17|42|42
-0.088,0,,5.398,0.153,15.6,0,아머까오|에이스번|알로라 나인테일|워시로토무|삼삼드래|님피아,24|94|31|38|48|65
-0.0906,0,,5.404,0.149,9.6,0,아머까오|에이스번|알로라 나인테일|워시로토무|불카모스|님피아,23|95|36|51|35|61
-0.0909,0,,5.434,0.142,10.6,0,고릴타|아머까오|에이스번|알로라 나인테일|님피아|히트로토무,33|26|95|36|61|48
-0.0912,0,,5.343,0.194,15.6,0,누리레느|아머까오|에이스번|워시로토무|님피아|히트로토무,25|27|97|41|65|45
-0.0912,0,,5.337,0.162,14.2,0,따라큐|아머까오|에이스번|워시로토무|님피아|히트로토무,25|26|96|40|66|48
-0.0914,0,,5.392,0.137,16.9,0,고릴타|아머까오|에이스번|워시로토무|님피아|히트로토무,29|28|97|34|62|49
-0.0957,0,,5.306,0.141,16.5,0,아머까오|에이스번|알로라 나인테일|워시로토무|라우드본|님피아,21|96|36|50|30|66
-0.0996,0,,5.331,0.203,7.9,3,누리레느|아머까오|에이스번|알로라 나인테일|님피아|히트로토무,27|25|98|36|61|53