pokemon,invest,mega,slot,move,type,cat,adoption_pct,role,status,drop_if_replaced,best_replacement,fastest_ko_share_pct,set_score,real_top4_score,real_top4,alt_set,win_share_pct,lose_share_pct
보만다,물리,1,1,이판사판태클,노말,물,81,,고정,,,78,0.1255,0.1255,이판사판태클|용의춤|지진|날개쉬기,,30,14.5
보만다,물리,1,2,용의춤,드래곤,변,78.2,쌓기,고정,,,0,0.1255,0.1255,이판사판태클|용의춤|지진|날개쉬기,,30,14.5
보만다,물리,1,3,지진,땅,물,75.6,,고정,,,20.1,0.1255,0.1255,이판사판태클|용의춤|지진|날개쉬기,,30,14.5
보만다,물리,1,4,날개쉬기,비행,변,70.1,회복,유지,,,0,0.1255,0.1255,이판사판태클|용의춤|지진|날개쉬기,,30,14.5
한카리아스,물리,0,1,지진,땅,물,90.1,,고정,,,44.8,0.0691,-0.0933,지진|스텔스록|용성군|화염방사,지진|스텔스록|역린|암석봉인,21.9,11.7
한카리아스,물리,0,2,스텔스록,바위,변,53.2,모델 밖,유지,,,0,0.0691,-0.0933,지진|스텔스록|용성군|화염방사,지진|스텔스록|역린|암석봉인,21.9,11.7
한카리아스,물리,0,3,화염방사,불꽃,특,36.5,,선택,0.0279,암석봉인,4.8,0.0691,-0.0933,지진|스텔스록|용성군|화염방사,지진|스텔스록|역린|암석봉인,21.9,11.7
한카리아스,물리,0,4,역린,드래곤,물,34.6,,바꿈,0.0908,스케일샷,43.1,0.0691,-0.0933,지진|스텔스록|용성군|화염방사,지진|스텔스록|역린|암석봉인,21.9,11.7
누리레느,특수,0,1,문포스,페어리,특,100,,고정,,,63.9,-0.096,-0.096,문포스|물거품아리아|아쿠아제트|앙코르,,17.2,32.1
누리레느,특수,0,2,물거품아리아,물,특,96.4,,고정,,,31.4,-0.096,-0.096,문포스|물거품아리아|아쿠아제트|앙코르,,17.2,32.1
누리레느,특수,0,3,아쿠아제트,물,물,70.8,선공,고정,,,0,-0.096,-0.096,문포스|물거품아리아|아쿠아제트|앙코르,,17.2,32.1
누리레느,특수,0,4,앙코르,노말,변,48.4,모델 밖,유지,,,0,-0.096,-0.096,문포스|물거품아리아|아쿠아제트|앙코르,,17.2,32.1
갑주무사,물리,1,1,만나자마자,벌레,물,81.4,,고정,,,57.5,-0.0167,-0.0167,만나자마자|아이언헤드|기습|유턴,만나자마자|아이언헤드|유턴|인파이트,33.5,38.8
갑주무사,물리,1,2,아이언헤드,강철,물,80.8,,고정,,,26.6,-0.0167,-0.0167,만나자마자|아이언헤드|기습|유턴,만나자마자|아이언헤드|유턴|인파이트,33.5,38.8
갑주무사,물리,1,3,유턴,벌레,물,50.1,교체,유지,,,0,-0.0167,-0.0167,만나자마자|아이언헤드|기습|유턴,만나자마자|아이언헤드|유턴|인파이트,33.5,38.8
갑주무사,물리,1,4,기습,악,물,55,선공,선택,0.0118,인파이트,14.5,-0.0167,-0.0167,만나자마자|아이언헤드|기습|유턴,만나자마자|아이언헤드|유턴|인파이트,33.5,38.8
하마돈,물리,0,1,지진,땅,물,98.4,,고정,,,81.7,-0.3046,-0.3046,지진|하품|스텔스록|날려버리기,,8.8,52.1
하마돈,물리,0,2,하품,노말,변,96.6,모델 밖,유지,,,0,-0.3046,-0.3046,지진|하품|스텔스록|날려버리기,,8.8,52.1
하마돈,물리,0,3,스텔스록,바위,변,94.2,모델 밖,유지,,,0,-0.3046,-0.3046,지진|하품|스텔스록|날려버리기,,8.8,52.1
하마돈,물리,0,4,날려버리기,노말,변,63.6,모델 밖,유지,,,0,-0.3046,-0.3046,지진|하품|스텔스록|날려버리기,,8.8,52.1
루카리오,특수,1,1,나쁜음모,악,변,84.1,쌓기,고정,,,0,-0.0169,-0.0169,나쁜음모|파동탄|악의파동|러스터캐논,,23.6,21.5
루카리오,특수,1,2,파동탄,격투,특,82.6,,고정,,,62.1,-0.0169,-0.0169,나쁜음모|파동탄|악의파동|러스터캐논,,23.6,21.5
루카리오,특수,1,3,악의파동,악,특,78.8,,고정,,,14,-0.0169,-0.0169,나쁜음모|파동탄|악의파동|러스터캐논,,23.6,21.5
루카리오,특수,1,4,러스터캐논,강철,특,78.5,,고정,,,22.8,-0.0169,-0.0169,나쁜음모|파동탄|악의파동|러스터캐논,,23.6,21.5
드닐레이브,물리,1,1,지진,땅,물,91.7,,고정,,,46.2,0.2447,0.2388,지진|얼음뭉치|대검돌격|고드름떨구기,지진|얼음뭉치|대검돌격|고드름떨구기,31.4,4.2
드닐레이브,물리,1,2,얼음뭉치,얼음,물,88.4,선공,고정,,,0.6,0.2447,0.2388,지진|얼음뭉치|대검돌격|고드름떨구기,지진|얼음뭉치|대검돌격|고드름떨구기,31.4,4.2
드닐레이브,물리,1,3,대검돌격,드래곤,물,77.5,,고정,,,52.8,0.2447,0.2388,지진|얼음뭉치|대검돌격|고드름떨구기,지진|얼음뭉치|대검돌격|고드름떨구기,31.4,4.2
드닐레이브,물리,1,4,용의춤,드래곤,변,33.8,쌓기,바꿈,0.0059,고드름떨구기,0,0.2447,0.2388,지진|얼음뭉치|대검돌격|고드름떨구기,지진|얼음뭉치|대검돌격|고드름떨구기,31.4,4.2
브리두라스,특수,0,1,러스터캐논,강철,특,77.7,,고정,,,20.7,-0.05,-0.05,러스터캐논|용성군|10만볼트|스텔스록,러스터캐논|용성군|스텔스록|파동탄,20.7,24.1
브리두라스,특수,0,2,용성군,드래곤,특,76.2,한방,고정,,,42.9,-0.05,-0.05,러스터캐논|용성군|10만볼트|스텔스록,러스터캐논|용성군|스텔스록|파동탄,20.7,24.1
브리두라스,특수,0,3,스텔스록,바위,변,62.5,모델 밖,유지,,,0,-0.05,-0.05,러스터캐논|용성군|10만볼트|스텔스록,러스터캐논|용성군|스텔스록|파동탄,20.7,24.1
브리두라스,특수,0,4,10만볼트,전기,특,66.2,,선택,0.0521,파동탄,32.8,-0.05,-0.05,러스터캐논|용성군|10만볼트|스텔스록,러스터캐논|용성군|스텔스록|파동탄,20.7,24.1
타부자고,특수,0,1,섀도볼,고스트,특,100,,고정,,,43.7,0.0407,0.0407,섀도볼|골드러시|나쁜음모|HP회복,,27.5,22.7
타부자고,특수,0,2,골드러시,강철,특,100,,고정,,,53.7,0.0407,0.0407,섀도볼|골드러시|나쁜음모|HP회복,,27.5,22.7
타부자고,특수,0,3,나쁜음모,악,변,92.3,쌓기,고정,,,0,0.0407,0.0407,섀도볼|골드러시|나쁜음모|HP회복,,27.5,22.7
타부자고,특수,0,4,HP회복,노말,변,69,회복,유지,,,0,0.0407,0.0407,섀도볼|골드러시|나쁜음모|HP회복,,27.5,22.7
따라큐,물리,0,1,치근거리기,페어리,물,99.6,,고정,,,65.2,-0.2349,-0.2349,치근거리기|야습|칼춤|섀도클로,치근거리기|야습|칼춤|저주,4.7,31.6
따라큐,물리,0,2,야습,고스트,물,98.1,,고정,,,32.2,-0.2349,-0.2349,치근거리기|야습|칼춤|섀도클로,치근거리기|야습|칼춤|저주,4.7,31.6
따라큐,물리,0,3,칼춤,노말,변,83.7,쌓기,고정,,,0,-0.2349,-0.2349,치근거리기|야습|칼춤|섀도클로,치근거리기|야습|칼춤|저주,4.7,31.6
따라큐,물리,0,4,섀도클로,고스트,물,66.1,,선택,0,저주,0,-0.2349,-0.2349,치근거리기|야습|칼춤|섀도클로,치근거리기|야습|칼춤|저주,4.7,31.6
고릴타,물리,0,1,그래스슬라이더,풀,물,100,,고정,,,21.8,-0.2409,-0.2409,그래스슬라이더|탁쳐서떨구기|유턴|10만마력,그래스슬라이더|탁쳐서떨구기|유턴|우드해머,15.9,41.8
고릴타,물리,0,2,탁쳐서떨구기,악,물,70.1,효과,유지,,,11.9,-0.2409,-0.2409,그래스슬라이더|탁쳐서떨구기|유턴|10만마력,그래스슬라이더|탁쳐서떨구기|유턴|우드해머,15.9,41.8
고릴타,물리,0,3,유턴,벌레,물,63.7,교체,유지,,,9,-0.2409,-0.2409,그래스슬라이더|탁쳐서떨구기|유턴|10만마력,그래스슬라이더|탁쳐서떨구기|유턴|우드해머,15.9,41.8
고릴타,물리,0,4,10만마력,땅,물,55.6,,선택,0.0749,우드해머,56.6,-0.2409,-0.2409,그래스슬라이더|탁쳐서떨구기|유턴|10만마력,그래스슬라이더|탁쳐서떨구기|유턴|우드해머,15.9,41.8
킬가르도,물리,0,1,야습,고스트,물,97.9,,고정,,,0,-0.0424,-0.1706,야습|킹실드|폴터가이스트|섀도볼,야습|킹실드|폴터가이스트|성스러운칼,19.4,20.8
킬가르도,물리,0,2,킹실드,강철,변,81.3,모델 밖,유지,,,0,-0.0424,-0.1706,야습|킹실드|폴터가이스트|섀도볼,야습|킹실드|폴터가이스트|성스러운칼,19.4,20.8
킬가르도,물리,0,3,폴터가이스트,고스트,물,53.3,,선택,0.1232,칼춤,72.2,-0.0424,-0.1706,야습|킹실드|폴터가이스트|섀도볼,야습|킹실드|폴터가이스트|성스러운칼,19.4,20.8
킬가르도,물리,0,4,인파이트,격투,물,15.9,,바꿈,0.0343,성스러운칼,25.8,-0.0424,-0.1706,야습|킹실드|폴터가이스트|섀도볼,야습|킹실드|폴터가이스트|성스러운칼,19.4,20.8
마스카나,물리,0,1,트릭플라워,풀,물,100,,고정,,,20,-0.1212,-0.1212,트릭플라워|트리플악셀|탁쳐서떨구기|유턴,,12,35.2
마스카나,물리,0,2,트리플악셀,얼음,물,93.9,,고정,,,53,-0.1212,-0.1212,트릭플라워|트리플악셀|탁쳐서떨구기|유턴,,12,35.2
마스카나,물리,0,3,탁쳐서떨구기,악,물,66.8,효과,유지,,,18.3,-0.1212,-0.1212,트릭플라워|트리플악셀|탁쳐서떨구기|유턴,,12,35.2
마스카나,물리,0,4,유턴,벌레,물,66.4,교체,유지,,,5.5,-0.1212,-0.1212,트릭플라워|트리플악셀|탁쳐서떨구기|유턴,,12,35.2
갸라도스,물리,0,1,파워휩,풀,물,70.4,,고정,,,60.7,0.1042,0.0436,파워휩|폭포오르기|눈사태|도발,파워휩|도발|폭포오르기|용의춤,41.5,28.5
갸라도스,물리,0,2,도발,악,변,51.6,모델 밖,유지,,,0,0.1042,0.0436,파워휩|폭포오르기|눈사태|도발,파워휩|도발|폭포오르기|용의춤,41.5,28.5
갸라도스,물리,0,3,지진,땅,물,46.4,,바꿈,0.0059,폭포오르기,36.9,0.1042,0.0436,파워휩|폭포오르기|눈사태|도발,파워휩|도발|폭포오르기|용의춤,41.5,28.5
갸라도스,물리,0,4,용의춤,드래곤,변,33.8,쌓기,바꿈,0.0405,얼음엄니,0,0.1042,0.0436,파워휩|폭포오르기|눈사태|도발,파워휩|도발|폭포오르기|용의춤,41.5,28.5
아머까오,물리,0,1,날개쉬기,비행,변,100,회복,유지,,,0,-0.2775,-0.3364,날개쉬기|유턴|바디프레스|철벽,날개쉬기|유턴|철벽|아이언헤드,11.3,48.8
아머까오,물리,0,2,유턴,벌레,물,72,교체,유지,,,0.9,-0.2775,-0.3364,날개쉬기|유턴|바디프레스|철벽,날개쉬기|유턴|철벽|아이언헤드,11.3,48.8
아머까오,물리,0,3,철벽,강철,변,56.2,모델 밖,유지,,,0,-0.2775,-0.3364,날개쉬기|유턴|바디프레스|철벽,날개쉬기|유턴|철벽|아이언헤드,11.3,48.8
아머까오,물리,0,4,브레이브버드,비행,물,35.8,,바꿈,0.0557,아이언헤드,97,-0.2775,-0.3364,날개쉬기|유턴|바디프레스|철벽,날개쉬기|유턴|철벽|아이언헤드,11.3,48.8
킬라플로르,특수,0,1,파워젬,바위,특,85.1,,고정,,,28.2,-0.2255,-0.2255,파워젬|대지의힘|오물웨이브|스텔스록,파워젬|대지의힘|스텔스록|오물폭탄,8.7,37.4
킬라플로르,특수,0,2,대지의힘,땅,특,72.4,,고정,,,37.1,-0.2255,-0.2255,파워젬|대지의힘|오물웨이브|스텔스록,파워젬|대지의힘|스텔스록|오물폭탄,8.7,37.4
킬라플로르,특수,0,3,스텔스록,바위,변,44.1,모델 밖,유지,,,0,-0.2255,-0.2255,파워젬|대지의힘|오물웨이브|스텔스록,파워젬|대지의힘|스텔스록|오물폭탄,8.7,37.4
킬라플로르,특수,0,4,오물웨이브,독,특,63.9,,선택,0.008,오물폭탄,33.6,-0.2255,-0.2255,파워젬|대지의힘|오물웨이브|스텔스록,파워젬|대지의힘|스텔스록|오물폭탄,8.7,37.4
대쓰여너,물리,0,1,성묘,고스트,물,100,,고정,,,1.6,-0.1478,-0.1478,성묘|웨이브태클|아쿠아제트|퀵턴,,6.5,33.7
대쓰여너,물리,0,2,웨이브태클,물,물,99.4,,고정,,,97.1,-0.1478,-0.1478,성묘|웨이브태클|아쿠아제트|퀵턴,,6.5,33.7
대쓰여너,물리,0,3,아쿠아제트,물,물,94.1,선공,고정,,,0,-0.1478,-0.1478,성묘|웨이브태클|아쿠아제트|퀵턴,,6.5,33.7
대쓰여너,물리,0,4,퀵턴,물,물,79,교체,유지,,,0,-0.1478,-0.1478,성묘|웨이브태클|아쿠아제트|퀵턴,,6.5,33.7
리자몽,특수,1,1,솔라빔,풀,특,79.7,,고정,,,40.4,0.1665,0.0733,솔라빔|화염방사|에어슬래시|플레어드라이브,솔라빔|화염방사|에어슬래시|날개쉬기,34.7,20.2
리자몽,특수,1,2,에어슬래시,비행,특,52.3,,선택,0.0457,화염방사,19.8,0.1665,0.0733,솔라빔|화염방사|에어슬래시|플레어드라이브,솔라빔|화염방사|에어슬래시|날개쉬기,34.7,20.2
리자몽,특수,1,3,오버히트,불꽃,특,23.5,한방,바꿈,0.0164,화염방사,37.7,0.1665,0.0733,솔라빔|화염방사|에어슬래시|플레어드라이브,솔라빔|화염방사|에어슬래시|날개쉬기,34.7,20.2
리자몽,특수,1,4,날개쉬기,비행,변,22.6,회복,바꿈,0.0367,역린,0,0.1665,0.0733,솔라빔|화염방사|에어슬래시|플레어드라이브,솔라빔|화염방사|에어슬래시|날개쉬기,34.7,20.2
포푸니크,물리,0,1,인파이트,격투,물,100,,고정,,,54.8,-0.0243,-0.0243,인파이트|페이탈클로|칼춤|지옥찌르기,인파이트|페이탈클로|지옥찌르기|불꽃펀치,21.4,31
포푸니크,물리,0,2,페이탈클로,독,물,99.7,,고정,,,28.9,-0.0243,-0.0243,인파이트|페이탈클로|칼춤|지옥찌르기,인파이트|페이탈클로|지옥찌르기|불꽃펀치,21.4,31
포푸니크,물리,0,3,칼춤,노말,변,57.9,쌓기,선택,0.0062,불꽃펀치,0,-0.0243,-0.0243,인파이트|페이탈클로|칼춤|지옥찌르기,인파이트|페이탈클로|지옥찌르기|불꽃펀치,21.4,31
포푸니크,물리,0,4,지옥찌르기,악,물,53.3,,선택,0.0252,불꽃펀치,14.8,-0.0243,-0.0243,인파이트|페이탈클로|칼춤|지옥찌르기,인파이트|페이탈클로|지옥찌르기|불꽃펀치,21.4,31
개굴닌자,특수,0,1,냉동빔,얼음,특,99.5,,고정,,,19.4,-0.053,-0.0567,냉동빔|악의파동|오물웨이브|물수리검,냉동빔|악의파동|오물웨이브|물수리검,12.2,22.1
개굴닌자,특수,0,2,악의파동,악,특,87,,고정,,,15.2,-0.053,-0.0567,냉동빔|악의파동|오물웨이브|물수리검,냉동빔|악의파동|오물웨이브|물수리검,12.2,22.1
개굴닌자,특수,0,3,오물웨이브,독,특,81.8,,고정,,,27.9,-0.053,-0.0567,냉동빔|악의파동|오물웨이브|물수리검,냉동빔|악의파동|오물웨이브|물수리검,12.2,22.1
개굴닌자,특수,0,4,파도타기,물,특,38.5,,바꿈,0.0036,물수리검,35.3,-0.053,-0.0567,냉동빔|악의파동|오물웨이브|물수리검,냉동빔|악의파동|오물웨이브|물수리검,12.2,22.1
에이스번,물리,0,1,화염볼,불꽃,물,100,,고정,,,29.7,0.1823,0.1823,화염볼|무릎차기|더스트슈트|유턴,,36.8,16.9
에이스번,물리,0,2,무릎차기,격투,물,92,,고정,,,41.5,0.1823,0.1823,화염볼|무릎차기|더스트슈트|유턴,,36.8,16.9
에이스번,물리,0,3,더스트슈트,독,물,78.2,,고정,,,22.9,0.1823,0.1823,화염볼|무릎차기|더스트슈트|유턴,,36.8,16.9
에이스번,물리,0,4,유턴,벌레,물,56.4,교체,유지,,,5.5,0.1823,0.1823,화염볼|무릎차기|더스트슈트|유턴,,36.8,16.9
알로라 나인테일,특수,0,1,오로라베일,얼음,변,99.5,모델 밖,유지,,,0,-0.3149,-0.3381,오로라베일|프리즈드라이|앙코르|눈보라,오로라베일|프리즈드라이|앙코르|눈보라,8.7,47.1
알로라 나인테일,특수,0,2,프리즈드라이,얼음,특,82.1,,고정,,,28.3,-0.3149,-0.3381,오로라베일|프리즈드라이|앙코르|눈보라,오로라베일|프리즈드라이|앙코르|눈보라,8.7,47.1
알로라 나인테일,특수,0,3,앙코르,노말,변,77,모델 밖,유지,,,0,-0.3149,-0.3381,오로라베일|프리즈드라이|앙코르|눈보라,오로라베일|프리즈드라이|앙코르|눈보라,8.7,47.1
알로라 나인테일,특수,0,4,문포스,페어리,특,48.7,,바꿈,0.0232,눈보라,70.6,-0.3149,-0.3381,오로라베일|프리즈드라이|앙코르|눈보라,오로라베일|프리즈드라이|앙코르|눈보라,8.7,47.1
에써르(수컷),특수,0,1,와이드포스,에스퍼,특,100,,고정,,,48.3,-0.3692,-0.3692,와이드포스|매지컬플레임|매지컬샤인|앙코르,,4,55.3
에써르(수컷),특수,0,2,매지컬플레임,불꽃,특,83.8,,고정,,,20.3,-0.3692,-0.3692,와이드포스|매지컬플레임|매지컬샤인|앙코르,,4,55.3
에써르(수컷),특수,0,3,매지컬샤인,페어리,특,75.5,,고정,,,30.8,-0.3692,-0.3692,와이드포스|매지컬플레임|매지컬샤인|앙코르,,4,55.3
에써르(수컷),특수,0,4,앙코르,노말,변,53.6,모델 밖,유지,,,0,-0.3692,-0.3692,와이드포스|매지컬플레임|매지컬샤인|앙코르,,4,55.3
워시로토무,특수,0,1,하이드로펌프,물,특,100,,고정,,,73.5,-0.0378,-0.0378,하이드로펌프|볼트체인지|도깨비불|10만볼트,,27.3,27.3
워시로토무,특수,0,2,볼트체인지,전기,특,91.5,교체,유지,,,0,-0.0378,-0.0378,하이드로펌프|볼트체인지|도깨비불|10만볼트,,27.3,27.3
워시로토무,특수,0,3,도깨비불,불꽃,변,86,모델 밖,유지,,,0,-0.0378,-0.0378,하이드로펌프|볼트체인지|도깨비불|10만볼트,,27.3,27.3
워시로토무,특수,0,4,10만볼트,전기,특,45.6,,선택,0.0241,,25.8,-0.0378,-0.0378,하이드로펌프|볼트체인지|도깨비불|10만볼트,,27.3,27.3
불카모스,특수,0,1,나비춤,벌레,변,98.9,쌓기,고정,,,0,-0.1072,-0.1072,나비춤|기가드레인|불꽃춤|아침햇살,,27.5,41.4
불카모스,특수,0,2,기가드레인,풀,특,81.2,,고정,,,30.4,-0.1072,-0.1072,나비춤|기가드레인|불꽃춤|아침햇살,,27.5,41.4
불카모스,특수,0,3,불꽃춤,불꽃,특,80,,고정,,,68.5,-0.1072,-0.1072,나비춤|기가드레인|불꽃춤|아침햇살,,27.5,41.4
불카모스,특수,0,4,아침햇살,노말,변,59.9,회복,유지,,,0,-0.1072,-0.1072,나비춤|기가드레인|불꽃춤|아침햇살,,27.5,41.4
빠르모트,물리,0,1,전광쌍격,전기,물,95.2,선공,고정,,,57.7,0.0494,0.0494,전광쌍격|회생의기도|냉동펀치|인파이트,전광쌍격|회생의기도|인파이트|마하펀치,19.2,10.8
빠르모트,물리,0,2,회생의기도,노말,변,93.2,모델 밖,유지,,,0,0.0494,0.0494,전광쌍격|회생의기도|냉동펀치|인파이트,전광쌍격|회생의기도|인파이트|마하펀치,19.2,10.8
빠르모트,물리,0,3,냉동펀치,얼음,물,66.6,,선택,0.0347,마하펀치,14.1,0.0494,0.0494,전광쌍격|회생의기도|냉동펀치|인파이트,전광쌍격|회생의기도|인파이트|마하펀치,19.2,10.8
빠르모트,물리,0,4,인파이트,격투,물,59.7,,선택,0.0849,마하펀치,28,0.0494,0.0494,전광쌍격|회생의기도|냉동펀치|인파이트,전광쌍격|회생의기도|인파이트|마하펀치,19.2,10.8
라우드본,특수,0,1,플레어송,불꽃,특,100,,고정,,,56.5,-0.3223,-0.3223,플레어송|게으름피우기|도깨비불|섀도볼,플레어송|게으름피우기|도깨비불|병상첨병,11,56.2
라우드본,특수,0,2,게으름피우기,노말,변,95.1,회복,유지,,,0,-0.3223,-0.3223,플레어송|게으름피우기|도깨비불|섀도볼,플레어송|게으름피우기|도깨비불|병상첨병,11,56.2
라우드본,특수,0,3,도깨비불,불꽃,변,81.2,모델 밖,유지,,,0,-0.3223,-0.3223,플레어송|게으름피우기|도깨비불|섀도볼,플레어송|게으름피우기|도깨비불|병상첨병,11,56.2
라우드본,특수,0,4,섀도볼,고스트,특,55.9,,선택,0.0298,병상첨병,42.6,-0.3223,-0.3223,플레어송|게으름피우기|도깨비불|섀도볼,플레어송|게으름피우기|도깨비불|병상첨병,11,56.2
삼삼드래,특수,0,1,악의파동,악,특,100,,고정,,,36.8,-0.1285,-0.1285,악의파동|용성군|유턴|화염방사,,19.3,38
삼삼드래,특수,0,2,용성군,드래곤,특,98.5,한방,고정,,,40.6,-0.1285,-0.1285,악의파동|용성군|유턴|화염방사,,19.3,38
삼삼드래,특수,0,3,유턴,벌레,물,83.5,교체,유지,,,4.4,-0.1285,-0.1285,악의파동|용성군|유턴|화염방사,,19.3,38
삼삼드래,특수,0,4,화염방사,불꽃,특,76.3,,고정,,,17,-0.1285,-0.1285,악의파동|용성군|유턴|화염방사,,19.3,38
메타그로스,물리,1,1,불릿펀치,강철,물,93.8,선공,고정,,,2.6,0.2085,0.2085,불릿펀치|사이코팽|냉동펀치|지진,불릿펀치|사이코팽|지진|바디프레스,27.1,4.4
메타그로스,물리,1,2,사이코팽,에스퍼,물,82.8,,고정,,,37.4,0.2085,0.2085,불릿펀치|사이코팽|냉동펀치|지진,불릿펀치|사이코팽|지진|바디프레스,27.1,4.4
메타그로스,물리,1,3,냉동펀치,얼음,물,67.4,,선택,0.0194,바디프레스,24.4,0.2085,0.2085,불릿펀치|사이코팽|냉동펀치|지진,불릿펀치|사이코팽|지진|바디프레스,27.1,4.4
메타그로스,물리,1,4,지진,땅,물,50.7,,선택,0.058,바디프레스,32.4,0.2085,0.2085,불릿펀치|사이코팽|냉동펀치|지진,불릿펀치|사이코팽|지진|바디프레스,27.1,4.4
망나뇽,특수,1,1,날개쉬기,비행,변,51,회복,유지,,,0,0.2113,0.0932,화염방사|용성군|신속|날개쉬기,날개쉬기|화염방사|용성군|10만볼트,43.9,13.3
망나뇽,특수,1,2,화염방사,불꽃,특,68.7,,선택,0.0522,지진,31.7,0.2113,0.0932,화염방사|용성군|신속|날개쉬기,날개쉬기|화염방사|용성군|10만볼트,43.9,13.3
망나뇽,특수,1,3,10만볼트,전기,특,43.9,,바꿈,0.0323,에어슬래시,21.4,0.2113,0.0932,화염방사|용성군|신속|날개쉬기,날개쉬기|화염방사|용성군|10만볼트,43.9,13.3
망나뇽,특수,1,4,용의파동,드래곤,특,26.5,,바꿈,0.0091,용성군,44.7,0.2113,0.0932,화염방사|용성군|신속|날개쉬기,날개쉬기|화염방사|용성군|10만볼트,43.9,13.3
님피아,특수,0,1,하이퍼보이스,노말,특,100,,고정,,,99,-0.173,-0.173,하이퍼보이스|하품|희망사항|방어,,16.3,44.8
님피아,특수,0,2,하품,노말,변,85.3,모델 밖,유지,,,0,-0.173,-0.173,하이퍼보이스|하품|희망사항|방어,,16.3,44.8
님피아,특수,0,3,희망사항,노말,변,71.6,회복,유지,,,0,-0.173,-0.173,하이퍼보이스|하품|희망사항|방어,,16.3,44.8
님피아,특수,0,4,방어,노말,변,66.4,모델 밖,유지,,,0,-0.173,-0.173,하이퍼보이스|하품|희망사항|방어,,16.3,44.8
히트로토무,특수,0,1,오버히트,불꽃,특,100,한방,고정,,,48.2,0.002,0.002,오버히트|볼트체인지|도깨비불|10만볼트,,31.9,27.4
히트로토무,특수,0,2,볼트체인지,전기,특,89.5,교체,유지,,,0,0.002,0.002,오버히트|볼트체인지|도깨비불|10만볼트,,31.9,27.4
히트로토무,특수,0,3,도깨비불,불꽃,변,68.2,모델 밖,유지,,,0,0.002,0.002,오버히트|볼트체인지|도깨비불|10만볼트,,31.9,27.4
히트로토무,특수,0,4,10만볼트,전기,특,48.9,,선택,0.0741,,51.1,0.002,0.002,오버히트|볼트체인지|도깨비불|10만볼트,,31.9,27.4
거북왕,특수,1,1,껍질깨기,노말,변,92.2,쌓기,고정,,,0,0.0415,0.0415,껍질깨기|파동탄|악의파동|대지의파동,,32.4,23.6
거북왕,특수,1,2,파동탄,격투,특,85.3,,고정,,,51.3,0.0415,0.0415,껍질깨기|파동탄|악의파동|대지의파동,,32.4,23.6
거북왕,특수,1,3,악의파동,악,특,82.2,,고정,,,38.3,0.0415,0.0415,껍질깨기|파동탄|악의파동|대지의파동,,32.4,23.6
거북왕,특수,1,4,대지의파동,노말,특,70.1,,고정,,,9.5,0.0415,0.0415,껍질깨기|파동탄|악의파동|대지의파동,,32.4,23.6
대도각참,물리,0,1,기습,악,물,100,선공,고정,,,0,-0.2019,-0.2019,기습|도각참|아이언헤드|칼춤,,20.5,49.3
대도각참,물리,0,2,도각참,악,물,97.8,,고정,,,72.9,-0.2019,-0.2019,기습|도각참|아이언헤드|칼춤,,20.5,49.3
대도각참,물리,0,3,아이언헤드,강철,물,78.7,,고정,,,25.3,-0.2019,-0.2019,기습|도각참|아이언헤드|칼춤,,20.5,49.3
대도각참,물리,0,4,칼춤,노말,변,65.3,쌓기,선택,0.0424,,0,-0.2019,-0.2019,기습|도각참|아이언헤드|칼춤,,20.5,49.3
팬텀,특수,1,1,섀도볼,고스트,특,94,,고정,,,48.5,0.0271,0.0271,섀도볼|오물웨이브|길동무|방어,,22.2,20.5
팬텀,특수,1,2,오물웨이브,독,특,77.1,,고정,,,50,0.0271,0.0271,섀도볼|오물웨이브|길동무|방어,,22.2,20.5
팬텀,특수,1,3,길동무,고스트,변,62.6,모델 밖,유지,,,0,0.0271,0.0271,섀도볼|오물웨이브|길동무|방어,,22.2,20.5
팬텀,특수,1,4,방어,노말,변,60.8,모델 밖,유지,,,0,0.0271,0.0271,섀도볼|오물웨이브|길동무|방어,,22.2,20.5
마폭시,특수,1,1,화염방사,불꽃,특,76.8,,고정,,,48.9,0.2601,0.2601,화염방사|사이코키네시스|나쁜음모|매지컬샤인,화염방사|사이코키네시스|매지컬샤인|사이코쇼크,47.3,6.9
마폭시,특수,1,2,사이코키네시스,에스퍼,특,60.3,,선택,0.0174,사이코쇼크,27,0.2601,0.2601,화염방사|사이코키네시스|나쁜음모|매지컬샤인,화염방사|사이코키네시스|매지컬샤인|사이코쇼크,47.3,6.9
마폭시,특수,1,3,나쁜음모,악,변,58.3,쌓기,선택,0.0169,사이코쇼크,0,0.2601,0.2601,화염방사|사이코키네시스|나쁜음모|매지컬샤인,화염방사|사이코키네시스|매지컬샤인|사이코쇼크,47.3,6.9
마폭시,특수,1,4,매지컬샤인,페어리,특,47.8,,선택,0.0701,사이코쇼크,22.2,0.2601,0.2601,화염방사|사이코키네시스|나쁜음모|매지컬샤인,화염방사|사이코키네시스|매지컬샤인|사이코쇼크,47.3,6.9
엠페르트,특수,0,1,파도타기,물,특,72.1,,고정,,,73,-0.2498,-0.2703,파도타기|스텔스록|하품|냉동빔,파도타기|스텔스록|하품|냉동빔,16.5,48.2
엠페르트,특수,0,2,스텔스록,바위,변,68,모델 밖,유지,,,0,-0.2498,-0.2703,파도타기|스텔스록|하품|냉동빔,파도타기|스텔스록|하품|냉동빔,16.5,48.2
엠페르트,특수,0,3,하품,노말,변,63.4,모델 밖,유지,,,0,-0.2498,-0.2703,파도타기|스텔스록|하품|냉동빔,파도타기|스텔스록|하품|냉동빔,16.5,48.2
엠페르트,특수,0,4,러스터캐논,강철,특,31.3,,바꿈,0.0206,냉동빔,26.7,-0.2498,-0.2703,파도타기|스텔스록|하품|냉동빔,파도타기|스텔스록|하품|냉동빔,16.5,48.2
번치코,물리,1,1,플레어드라이브,불꽃,물,95.7,,고정,,,33.1,0.0253,0.0149,플레어드라이브|인파이트|번개펀치|칼춤,플레어드라이브|인파이트|번개펀치|칼춤,25,10.2
번치코,물리,1,2,인파이트,격투,물,74.2,,고정,,,0,0.0253,0.0149,플레어드라이브|인파이트|번개펀치|칼춤,플레어드라이브|인파이트|번개펀치|칼춤,25,10.2
번치코,물리,1,3,번개펀치,전기,물,50.3,,선택,0.04,칼춤,14.4,0.0253,0.0149,플레어드라이브|인파이트|번개펀치|칼춤,플레어드라이브|인파이트|번개펀치|칼춤,25,10.2
번치코,물리,1,4,무릎차기,격투,물,22,,바꿈,0.0104,칼춤,51.6,0.0253,0.0149,플레어드라이브|인파이트|번개펀치|칼춤,플레어드라이브|인파이트|번개펀치|칼춤,25,10.2
대짱이,물리,1,1,지진,땅,물,100,,고정,,,37.3,0.1321,0.1321,지진|웨이브태클|냉동펀치|퀵턴,,35.7,9
대짱이,물리,1,2,웨이브태클,물,물,74.3,,고정,,,42.2,0.1321,0.1321,지진|웨이브태클|냉동펀치|퀵턴,,35.7,9
대짱이,물리,1,3,냉동펀치,얼음,물,73,,고정,,,19.5,0.1321,0.1321,지진|웨이브태클|냉동펀치|퀵턴,,35.7,9
대짱이,물리,1,4,퀵턴,물,물,67.9,교체,유지,,,0,0.1321,0.1321,지진|웨이브태클|냉동펀치|퀵턴,,35.7,9
라이츄,특수,1,1,전자포,전기,특,100,,고정,,,64.5,0.1469,0.1469,전자포|기합구슬|풀묶기|대타출동,,38.3,15.9
라이츄,특수,1,2,기합구슬,격투,특,100,,고정,,,30.8,0.1469,0.1469,전자포|기합구슬|풀묶기|대타출동,,38.3,15.9
라이츄,특수,1,3,풀묶기,풀,특,72.7,,고정,,,3.4,0.1469,0.1469,전자포|기합구슬|풀묶기|대타출동,,38.3,15.9
라이츄,특수,1,4,대타출동,노말,변,29.6,모델 밖,유지,,,0,0.1469,0.1469,전자포|기합구슬|풀묶기|대타출동,,38.3,15.9
블래키,물리,0,1,속임수,악,물,99.2,,고정,,,98.7,-0.4444,-0.4444,속임수|희망사항|방어|하품,,7,70.7
블래키,물리,0,2,희망사항,노말,변,83.3,회복,유지,,,0,-0.4444,-0.4444,속임수|희망사항|방어|하품,,7,70.7
블래키,물리,0,3,방어,노말,변,83,모델 밖,유지,,,0,-0.4444,-0.4444,속임수|희망사항|방어|하품,,7,70.7
블래키,물리,0,4,하품,노말,변,55.7,모델 밖,유지,,,0,-0.4444,-0.4444,속임수|희망사항|방어|하품,,7,70.7
다크펫,물리,1,1,길동무,고스트,변,100,모델 밖,유지,,,0,-0.2016,-0.2016,길동무|폴터가이스트|앙코르|야습,,6.6,33.9
다크펫,물리,1,2,폴터가이스트,고스트,물,98.8,,고정,,,94.5,-0.2016,-0.2016,길동무|폴터가이스트|앙코르|야습,,6.6,33.9
다크펫,물리,1,3,앙코르,노말,변,75,모델 밖,유지,,,0,-0.2016,-0.2016,길동무|폴터가이스트|앙코르|야습,,6.6,33.9
다크펫,물리,1,4,야습,고스트,물,68.6,,선택,0,,0,-0.2016,-0.2016,길동무|폴터가이스트|앙코르|야습,,6.6,33.9
더시마사리,물리,0,1,HP회복,노말,변,100,회복,유지,,,0,-0.5271,-0.7137,HP회복|맹독|흑안개|엉겨붙기,,4.1,79.5
더시마사리,물리,0,2,맹독,독,변,97,모델 밖,유지,,,0,-0.5271,-0.7137,HP회복|맹독|흑안개|엉겨붙기,,4.1,79.5
더시마사리,물리,0,3,흑안개,얼음,변,61.6,모델 밖,유지,,,0,-0.5271,-0.7137,HP회복|맹독|흑안개|엉겨붙기,,4.1,79.5
더시마사리,물리,0,4,아쿠아브레이크,물,물,26.5,,바꿈,0.1871,엉겨붙기,98.7,-0.5271,-0.7137,HP회복|맹독|흑안개|엉겨붙기,,4.1,79.5
핫삼,물리,0,1,불릿펀치,강철,물,100,선공,고정,,,29.6,-0.1869,-0.1938,불릿펀치|칼춤|유턴|날개쉬기,불릿펀치|유턴|날개쉬기|칼춤,25.3,47
핫삼,물리,0,2,유턴,벌레,물,62.8,교체,유지,,,14.4,-0.1869,-0.1938,불릿펀치|칼춤|유턴|날개쉬기,불릿펀치|유턴|날개쉬기|칼춤,25.3,47
핫삼,물리,0,3,날개쉬기,비행,변,57.5,회복,유지,,,0,-0.1869,-0.1938,불릿펀치|칼춤|유턴|날개쉬기,불릿펀치|유턴|날개쉬기|칼춤,25.3,47
핫삼,물리,0,4,인파이트,격투,물,37.6,,바꿈,0.0069,칼춤,54.6,-0.1869,-0.1938,불릿펀치|칼춤|유턴|날개쉬기,불릿펀치|유턴|날개쉬기|칼춤,25.3,47
오롱털,물리,0,1,리플렉터,에스퍼,변,86.8,모델 밖,유지,,,0,-0.5019,-0.5019,리플렉터|빛의장막|소울크래시|막말내뱉기,,2.8,67.6
오롱털,물리,0,2,빛의장막,에스퍼,변,85.5,모델 밖,유지,,,0,-0.5019,-0.5019,리플렉터|빛의장막|소울크래시|막말내뱉기,,2.8,67.6
오롱털,물리,0,3,소울크래시,페어리,물,71.2,,고정,,,99.1,-0.5019,-0.5019,리플렉터|빛의장막|소울크래시|막말내뱉기,,2.8,67.6
오롱털,물리,0,4,막말내뱉기,악,변,70.1,모델 밖,유지,,,0,-0.5019,-0.5019,리플렉터|빛의장막|소울크래시|막말내뱉기,,2.8,67.6
픽시,특수,1,1,문포스,페어리,특,91.7,,고정,,,73.6,-0.0078,-0.0078,문포스|달빛|코스믹파워|화염방사,문포스|달빛|코스믹파워|명상,29.6,27
픽시,특수,1,2,달빛,페어리,변,89.4,회복,유지,,,0,-0.0078,-0.0078,문포스|달빛|코스믹파워|화염방사,문포스|달빛|코스믹파워|명상,29.6,27
픽시,특수,1,3,코스믹파워,에스퍼,변,55.8,모델 밖,유지,,,0,-0.0078,-0.0078,문포스|달빛|코스믹파워|화염방사,문포스|달빛|코스믹파워|명상,29.6,27
픽시,특수,1,4,화염방사,불꽃,특,54.2,,선택,0.0822,명상,25.7,-0.0078,-0.0078,문포스|달빛|코스믹파워|화염방사,문포스|달빛|코스믹파워|명상,29.6,27
카디나르마,특수,0,1,아머캐논,불꽃,특,100,,고정,,,55.2,-0.1474,-0.1474,아머캐논|와이드포스|길동무|파동탄,아머캐논|와이드포스|길동무|명상,16.5,29.1
카디나르마,특수,0,2,와이드포스,에스퍼,특,91.2,,고정,,,37.9,-0.1474,-0.1474,아머캐논|와이드포스|길동무|파동탄,아머캐논|와이드포스|길동무|명상,16.5,29.1
카디나르마,특수,0,3,길동무,고스트,변,68.1,모델 밖,유지,,,0,-0.1474,-0.1474,아머캐논|와이드포스|길동무|파동탄,아머캐논|와이드포스|길동무|명상,16.5,29.1
카디나르마,특수,0,4,파동탄,격투,특,38.6,,선택,0.0235,명상,6.5,-0.1474,-0.1474,아머캐논|와이드포스|길동무|파동탄,아머캐논|와이드포스|길동무|명상,16.5,29.1
앱솔,물리,1,1,기습,악,물,94.3,선공,고정,,,25.7,0.0702,0.0068,기습|인파이트|탁쳐서떨구기|칼춤,기습|탁쳐서떨구기|인파이트|치근거리기,16.6,7.9
앱솔,물리,1,2,탁쳐서떨구기,악,물,55,효과,유지,,,0,0.0702,0.0068,기습|인파이트|탁쳐서떨구기|칼춤,기습|탁쳐서떨구기|인파이트|치근거리기,16.6,7.9
앱솔,물리,1,3,인파이트,격투,물,68.7,,선택,0.0456,치근거리기,49.7,0.0702,0.0068,기습|인파이트|탁쳐서떨구기|칼춤,기습|탁쳐서떨구기|인파이트|치근거리기,16.6,7.9
앱솔,물리,1,4,스톤에지,바위,물,26.2,,바꿈,0.0163,치근거리기,24.4,0.0702,0.0068,기습|인파이트|탁쳐서떨구기|칼춤,기습|탁쳐서떨구기|인파이트|치근거리기,16.6,7.9
찌리배리,특수,0,1,물붓기,물,변,93.7,모델 밖,유지,,,0,-0.4207,-0.4207,물붓기|게으름피우기|볼트체인지|맹독,,10.6,71.4
찌리배리,특수,0,2,게으름피우기,노말,변,93.4,회복,유지,,,0,-0.4207,-0.4207,물붓기|게으름피우기|볼트체인지|맹독,,10.6,71.4
찌리배리,특수,0,3,볼트체인지,전기,특,81.9,교체,유지,,,87.3,-0.4207,-0.4207,물붓기|게으름피우기|볼트체인지|맹독,,10.6,71.4
찌리배리,특수,0,4,맹독,독,변,78,모델 밖,유지,,,0,-0.4207,-0.4207,물붓기|게으름피우기|볼트체인지|맹독,,10.6,71.4
맘모꾸리,물리,0,1,지진,땅,물,100,,고정,,,63.9,-0.0217,-0.0364,지진|얼음뭉치|고드름침|고드름떨구기,지진|얼음뭉치|고드름침|암석봉인,16.4,21.4
맘모꾸리,물리,0,2,얼음뭉치,얼음,물,100,선공,고정,,,0,-0.0217,-0.0364,지진|얼음뭉치|고드름침|고드름떨구기,지진|얼음뭉치|고드름침|암석봉인,16.4,21.4
맘모꾸리,물리,0,3,고드름떨구기,얼음,물,36.9,,선택,0.0034,고드름침,29.7,-0.0217,-0.0364,지진|얼음뭉치|고드름침|고드름떨구기,지진|얼음뭉치|고드름침|암석봉인,16.4,21.4
맘모꾸리,물리,0,4,암석봉인,바위,물,26,효과,바꿈,,,5.8,-0.0217,-0.0364,지진|얼음뭉치|고드름침|고드름떨구기,지진|얼음뭉치|고드름침|암석봉인,16.4,21.4
파라블레이즈,물리,0,1,원념의칼,불꽃,물,96.7,,고정,,,17.8,-0.0324,-0.0959,원념의칼|야습|폴터가이스트|칼춤,원념의칼|야습|폴터가이스트|칼춤,21,16.9
파라블레이즈,물리,0,2,야습,고스트,물,95.4,,고정,,,0,-0.0324,-0.0959,원념의칼|야습|폴터가이스트|칼춤,원념의칼|야습|폴터가이스트|칼춤,21,16.9
파라블레이즈,물리,0,3,폴터가이스트,고스트,물,80.2,,고정,,,63.9,-0.0324,-0.0959,원념의칼|야습|폴터가이스트|칼춤,원념의칼|야습|폴터가이스트|칼춤,21,16.9
파라블레이즈,물리,0,4,인파이트,격투,물,40.7,,바꿈,0.0635,칼춤,17.3,-0.0324,-0.0959,원념의칼|야습|폴터가이스트|칼춤,원념의칼|야습|폴터가이스트|칼춤,21,16.9
패리퍼,특수,0,1,폭풍,비행,특,100,,고정,,,50.4,-0.2582,-0.2582,폭풍|유턴|냉동빔|파도타기,폭풍|유턴|파도타기|날개쉬기,9.8,46.8
패리퍼,특수,0,2,유턴,벌레,물,88.7,교체,유지,,,0,-0.2582,-0.2582,폭풍|유턴|냉동빔|파도타기,폭풍|유턴|파도타기|날개쉬기,9.8,46.8
패리퍼,특수,0,3,냉동빔,얼음,특,57.6,,선택,0.0172,날개쉬기,18.5,-0.2582,-0.2582,폭풍|유턴|냉동빔|파도타기,폭풍|유턴|파도타기|날개쉬기,9.8,46.8
패리퍼,특수,0,4,파도타기,물,특,50.5,,선택,0.0393,날개쉬기,30.1,-0.2582,-0.2582,폭풍|유턴|냉동빔|파도타기,폭풍|유턴|파도타기|날개쉬기,9.8,46.8
찌르호크,물리,1,1,인파이트,격투,물,98.9,,고정,,,51.9,0.1217,0.1217,인파이트|브레이브버드|날개쉬기|블레이즈킥,인파이트|브레이브버드|날개쉬기|유턴,25.3,8.4
찌르호크,물리,1,2,브레이브버드,비행,물,97.4,,고정,,,41.7,0.1217,0.1217,인파이트|브레이브버드|날개쉬기|블레이즈킥,인파이트|브레이브버드|날개쉬기|유턴,25.3,8.4
찌르호크,물리,1,3,날개쉬기,비행,변,81.7,회복,유지,,,0,0.1217,0.1217,인파이트|브레이브버드|날개쉬기|블레이즈킥,인파이트|브레이브버드|날개쉬기|유턴,25.3,8.4
찌르호크,물리,1,4,블레이즈킥,불꽃,물,49.4,,선택,0.0325,유턴,5.6,0.1217,0.1217,인파이트|브레이브버드|날개쉬기|블레이즈킥,인파이트|브레이브버드|날개쉬기|유턴,25.3,8.4
대검귀,물리,0,1,비검천중파,악,물,100,,고정,,,0,-0.2584,-0.2584,비검천중파|성스러운칼|기습|셸블레이드,비검천중파|성스러운칼|기습|아쿠아커터,13.7,49.2
대검귀,물리,0,2,성스러운칼,격투,물,94.5,,고정,,,20.1,-0.2584,-0.2584,비검천중파|성스러운칼|기습|셸블레이드,비검천중파|성스러운칼|기습|아쿠아커터,13.7,49.2
대검귀,물리,0,3,기습,악,물,73.9,선공,고정,,,30.4,-0.2584,-0.2584,비검천중파|성스러운칼|기습|셸블레이드,비검천중파|성스러운칼|기습|아쿠아커터,13.7,49.2
대검귀,물리,0,4,셸블레이드,물,물,46,,선택,0.0079,아쿠아커터,48.7,-0.2584,-0.2584,비검천중파|성스러운칼|기습|셸블레이드,비검천중파|성스러운칼|기습|아쿠아커터,13.7,49.2
마기라스,물리,0,1,탁쳐서떨구기,악,물,97.2,효과,유지,,,31.5,-0.2574,-0.2676,탁쳐서떨구기|스텔스록|스톤에지|냉동펀치,탁쳐서떨구기|스텔스록|스톤에지|지진,11.4,47.7
마기라스,물리,0,2,스텔스록,바위,변,71.2,모델 밖,유지,,,0,-0.2574,-0.2676,탁쳐서떨구기|스텔스록|스톤에지|냉동펀치,탁쳐서떨구기|스텔스록|스톤에지|지진,11.4,47.7
마기라스,물리,0,3,스톤에지,바위,물,50.2,,선택,0.0811,록블라스트,67.5,-0.2574,-0.2676,탁쳐서떨구기|스텔스록|스톤에지|냉동펀치,탁쳐서떨구기|스텔스록|스톤에지|지진,11.4,47.7
마기라스,물리,0,4,용의춤,드래곤,변,15.9,쌓기,바꿈,0.0032,지진,0,-0.2574,-0.2676,탁쳐서떨구기|스텔스록|스톤에지|냉동펀치,탁쳐서떨구기|스텔스록|스톤에지|지진,11.4,47.7
이어롭,물리,1,1,트리플악셀,얼음,물,78,,고정,,,43.9,0.0785,0.0785,트리플악셀|인파이트|속이기|마하펀치,트리플악셀|인파이트|속이기|칼춤,21.3,11.4
이어롭,물리,1,2,인파이트,격투,물,70.9,,고정,,,54.8,0.0785,0.0785,트리플악셀|인파이트|속이기|마하펀치,트리플악셀|인파이트|속이기|칼춤,21.3,11.4
이어롭,물리,1,3,속이기,노말,물,69.3,효과,유지,,,0,0.0785,0.0785,트리플악셀|인파이트|속이기|마하펀치,트리플악셀|인파이트|속이기|칼춤,21.3,11.4
이어롭,물리,1,4,마하펀치,격투,물,59.7,선공,선택,0.0234,칼춤,0,0.0785,0.0785,트리플악셀|인파이트|속이기|마하펀치,트리플악셀|인파이트|속이기|칼춤,21.3,11.4
플라엣테,특수,1,1,문포스,페어리,특,96.5,,고정,,,83,0.1858,0.1333,문포스|명상|드레인키스|광합성,문포스|명상|광합성|드레인키스,42.2,20.8
플라엣테,특수,1,2,명상,에스퍼,변,87.9,쌓기,고정,,,0,0.1858,0.1333,문포스|명상|드레인키스|광합성,문포스|명상|광합성|드레인키스,42.2,20.8
플라엣테,특수,1,3,광합성,풀,변,44.2,회복,유지,,,0,0.1858,0.1333,문포스|명상|드레인키스|광합성,문포스|명상|광합성|드레인키스,42.2,20.8
플라엣테,특수,1,4,사이코키네시스,에스퍼,특,31.4,,바꿈,0.0525,드레인키스,15.9,0.1858,0.1333,문포스|명상|드레인키스|광합성,문포스|명상|광합성|드레인키스,42.2,20.8
배바닐라,특수,0,1,프리즈드라이,얼음,특,92.8,,고정,,,0,-0.2552,-0.2552,프리즈드라이|눈보라|얼음뭉치|오로라베일,,12,47
배바닐라,특수,0,2,눈보라,얼음,특,88.4,,고정,,,99.7,-0.2552,-0.2552,프리즈드라이|눈보라|얼음뭉치|오로라베일,,12,47
배바닐라,특수,0,3,얼음뭉치,얼음,물,78.6,선공,고정,,,0,-0.2552,-0.2552,프리즈드라이|눈보라|얼음뭉치|오로라베일,,12,47
배바닐라,특수,0,4,오로라베일,얼음,변,59.4,모델 밖,유지,,,0,-0.2552,-0.2552,프리즈드라이|눈보라|얼음뭉치|오로라베일,,12,47
드래펄트,특수,0,1,섀도볼,고스트,특,66.2,,선택,0.0253,드래곤애로,31.6,0.0112,-0.0291,섀도볼|용성군|드래곤애로|화염방사,섀도볼|드래곤애로|10만볼트|불대문자,18.5,15
드래펄트,특수,0,2,용성군,드래곤,특,61.1,한방,선택,0.0118,드래곤애로,28.6,0.0112,-0.0291,섀도볼|용성군|드래곤애로|화염방사,섀도볼|드래곤애로|10만볼트|불대문자,18.5,15
드래펄트,특수,0,3,10만볼트,전기,특,34.3,,바꿈,0.0183,드래곤애로,19.7,0.0112,-0.0291,섀도볼|용성군|드래곤애로|화염방사,섀도볼|드래곤애로|10만볼트|불대문자,18.5,15
드래펄트,특수,0,4,불대문자,불꽃,특,25.1,,바꿈,0.0268,화염방사,19.6,0.0112,-0.0291,섀도볼|용성군|드래곤애로|화염방사,섀도볼|드래곤애로|10만볼트|불대문자,18.5,15
입치트,물리,1,1,치근거리기,페어리,물,100,,고정,,,54.1,-0.1739,-0.1739,치근거리기|기습|칼춤|번개펀치,치근거리기|기습|칼춤|불꽃엄니,18.8,37.5
입치트,물리,1,2,기습,악,물,99,선공,고정,,,19.2,-0.1739,-0.1739,치근거리기|기습|칼춤|번개펀치,치근거리기|기습|칼춤|불꽃엄니,18.8,37.5
입치트,물리,1,3,칼춤,노말,변,55.3,쌓기,선택,0.03,아이언헤드,0,-0.1739,-0.1739,치근거리기|기습|칼춤|번개펀치,치근거리기|기습|칼춤|불꽃엄니,18.8,37.5
입치트,물리,1,4,번개펀치,전기,물,32,,선택,0.0022,불꽃엄니,25.7,-0.1739,-0.1739,치근거리기|기습|칼춤|번개펀치,치근거리기|기습|칼춤|불꽃엄니,18.8,37.5
메가니움,특수,1,1,웨더볼,노말,특,99.7,,고정,,,0,-0.1685,-0.1685,웨더볼|매지컬샤인|솔라빔|광합성,,16.2,47.1
메가니움,특수,1,2,매지컬샤인,페어리,특,91.5,,고정,,,82.5,-0.1685,-0.1685,웨더볼|매지컬샤인|솔라빔|광합성,,16.2,47.1
메가니움,특수,1,3,솔라빔,풀,특,78.6,,고정,,,16.8,-0.1685,-0.1685,웨더볼|매지컬샤인|솔라빔|광합성,,16.2,47.1
메가니움,특수,1,4,광합성,풀,변,69.9,회복,유지,,,0,-0.1685,-0.1685,웨더볼|매지컬샤인|솔라빔|광합성,,16.2,47.1
메타몽,,,,,,,,,,,상대를 복사하는 개체라 고유 기술 세트가 없습니다.
이상해꽃,특수,1,1,대지의힘,땅,특,86.3,,고정,,,33.8,0.1783,0.1623,대지의힘|기가드레인|광합성|오물폭탄,대지의힘|광합성|기가드레인|오물폭탄,40.5,28.6
이상해꽃,특수,1,2,광합성,풀,변,65.1,회복,유지,,,0,0.1783,0.1623,대지의힘|기가드레인|광합성|오물폭탄,대지의힘|광합성|기가드레인|오물폭탄,40.5,28.6
이상해꽃,특수,1,3,기가드레인,풀,특,68.6,,선택,0.0986,오물폭탄,24.3,0.1783,0.1623,대지의힘|기가드레인|광합성|오물폭탄,대지의힘|광합성|기가드레인|오물폭탄,40.5,28.6
이상해꽃,특수,1,4,오물웨이브,독,특,24.8,,바꿈,0.016,오물폭탄,41,0.1783,0.1623,대지의힘|기가드레인|광합성|오물폭탄,대지의힘|광합성|기가드레인|오물폭탄,40.5,28.6
밀로틱,특수,0,1,열탕,물,특,100,,고정,,,70.7,-0.2407,-0.2407,열탕|HP회복|냉동빔|미러코트,,9.3,42.6
밀로틱,특수,0,2,HP회복,노말,변,99.4,회복,유지,,,0,-0.2407,-0.2407,열탕|HP회복|냉동빔|미러코트,,9.3,42.6
밀로틱,특수,0,3,냉동빔,얼음,특,73.8,,고정,,,28.9,-0.2407,-0.2407,열탕|HP회복|냉동빔|미러코트,,9.3,42.6
밀로틱,특수,0,4,미러코트,에스퍼,특,69.6,모델 밖,유지,,,0,-0.2407,-0.2407,열탕|HP회복|냉동빔|미러코트,,9.3,42.6
스코빌런,특수,1,1,방어,노말,변,91.8,모델 밖,유지,,,0,-0.1426,-0.1426,방어|씨뿌리기|기가드레인|화염방사,방어|씨뿌리기|기가드레인|질투의불꽃,19.8,36.6
스코빌런,특수,1,2,씨뿌리기,풀,변,89.7,모델 밖,유지,,,0,-0.1426,-0.1426,방어|씨뿌리기|기가드레인|화염방사,방어|씨뿌리기|기가드레인|질투의불꽃,19.8,36.6
스코빌런,특수,1,3,기가드레인,풀,특,71.6,,고정,,,31.9,-0.1426,-0.1426,방어|씨뿌리기|기가드레인|화염방사,방어|씨뿌리기|기가드레인|질투의불꽃,19.8,36.6
스코빌런,특수,1,4,화염방사,불꽃,특,63.7,,선택,0.07,질투의불꽃,67.7,-0.1426,-0.1426,방어|씨뿌리기|기가드레인|화염방사,방어|씨뿌리기|기가드레인|질투의불꽃,19.8,36.6
아쿠스타,물리,1,1,아쿠아제트,물,물,89.9,선공,고정,,,0,-0.1862,-0.1862,아쿠아제트|아쿠아브레이크|아이스스피너|퀵턴,,9,32.6
아쿠스타,물리,1,2,아쿠아브레이크,물,물,83.2,,고정,,,70.2,-0.1862,-0.1862,아쿠아제트|아쿠아브레이크|아이스스피너|퀵턴,,9,32.6
아쿠스타,물리,1,3,아이스스피너,얼음,물,81.5,,고정,,,28.9,-0.1862,-0.1862,아쿠아제트|아쿠아브레이크|아이스스피너|퀵턴,,9,32.6
아쿠스타,물리,1,4,퀵턴,물,물,62.6,교체,유지,,,0,-0.1862,-0.1862,아쿠아제트|아쿠아브레이크|아이스스피너|퀵턴,,9,32.6
몰드류,물리,0,1,지진,땅,물,100,,고정,,,65.4,-0.114,-0.114,지진|아이언헤드|스톤샤워|칼춤,,19.8,37.1
몰드류,물리,0,2,아이언헤드,강철,물,100,,고정,,,16.7,-0.114,-0.114,지진|아이언헤드|스톤샤워|칼춤,,19.8,37.1
몰드류,물리,0,3,스톤샤워,바위,물,76.7,,고정,,,17.3,-0.114,-0.114,지진|아이언헤드|스톤샤워|칼춤,,19.8,37.1
몰드류,물리,0,4,칼춤,노말,변,35.8,쌓기,선택,0.0209,,0,-0.114,-0.114,지진|아이언헤드|스톤샤워|칼춤,,19.8,37.1
조로아크(히스이),특수,0,1,천추지한,고스트,특,88,,고정,,,21.1,-0.0919,-0.1874,천추지한|얼어붙은바람|화염방사|섀도볼,천추지한|얼어붙은바람|화염방사|기합구슬,4,17.2
조로아크(히스이),특수,0,2,얼어붙은바람,얼음,특,66,효과,유지,,,11.4,-0.0919,-0.1874,천추지한|얼어붙은바람|화염방사|섀도볼,천추지한|얼어붙은바람|화염방사|기합구슬,4,17.2
조로아크(히스이),특수,0,3,기합구슬,격투,특,31.9,,바꿈,0.0274,화염방사,29.4,-0.0919,-0.1874,천추지한|얼어붙은바람|화염방사|섀도볼,천추지한|얼어붙은바람|화염방사|기합구슬,4,17.2
조로아크(히스이),특수,0,4,하이퍼보이스,노말,특,22.9,,바꿈,0.0077,화염방사,37.7,-0.0919,-0.1874,천추지한|얼어붙은바람|화염방사|섀도볼,천추지한|얼어붙은바람|화염방사|기합구슬,4,17.2
미끄래곤(히스이),특수,0,1,용성군,드래곤,특,64,한방,선택,0.0537,냉동빔,35.1,-0.0095,-0.0635,용성군|화염방사|러스터캐논|헤비봄버,용성군|화염방사|헤비봄버|10만볼트,24.4,20.2
미끄래곤(히스이),특수,0,2,화염방사,불꽃,특,60.1,,선택,0.0344,바디프레스,24,-0.0095,-0.0635,용성군|화염방사|러스터캐논|헤비봄버,용성군|화염방사|헤비봄버|10만볼트,24.4,20.2
미끄래곤(히스이),특수,0,3,러스터캐논,강철,특,52.5,,선택,0.0021,헤비봄버,18,-0.0095,-0.0635,용성군|화염방사|러스터캐논|헤비봄버,용성군|화염방사|헤비봄버|10만볼트,24.4,20.2
미끄래곤(히스이),특수,0,4,10만볼트,전기,특,35.1,,바꿈,0.03,바디프레스,22.6,-0.0095,-0.0635,용성군|화염방사|러스터캐논|헤비봄버,용성군|화염방사|헤비봄버|10만볼트,24.4,20.2
잠만보,물리,0,1,지진,땅,물,75.1,,고정,,,39.9,-0.0975,-0.1333,지진|땅가르기|하품|냉동펀치,지진|땅가르기|하품|냉동펀치,21.6,34.9
잠만보,물리,0,2,땅가르기,땅,물,57,모델 밖,유지,,,0,-0.0975,-0.1333,지진|땅가르기|하품|냉동펀치,지진|땅가르기|하품|냉동펀치,21.6,34.9
잠만보,물리,0,3,하품,노말,변,53.4,모델 밖,유지,,,0,-0.0975,-0.1333,지진|땅가르기|하품|냉동펀치,지진|땅가르기|하품|냉동펀치,21.6,34.9
잠만보,물리,0,4,누르기,노말,물,21.5,,바꿈,0.0358,냉동펀치,59.8,-0.0975,-0.1333,지진|땅가르기|하품|냉동펀치,지진|땅가르기|하품|냉동펀치,21.6,34.9
무장조,물리,0,1,날개쉬기,비행,변,72.5,회복,유지,,,0,-0.3806,-0.4254,날개쉬기|스텔스록|날려버리기|바디프레스,날개쉬기|스텔스록|날려버리기|바디프레스,7.1,58.1
무장조,물리,0,2,스텔스록,바위,변,57.6,모델 밖,유지,,,0,-0.3806,-0.4254,날개쉬기|스텔스록|날려버리기|바디프레스,날개쉬기|스텔스록|날려버리기|바디프레스,7.1,58.1
무장조,물리,0,3,날려버리기,노말,변,46.8,모델 밖,유지,,,0,-0.3806,-0.4254,날개쉬기|스텔스록|날려버리기|바디프레스,날개쉬기|스텔스록|날려버리기|바디프레스,7.1,58.1
무장조,물리,0,4,브레이브버드,비행,물,37,,바꿈,0.0448,바디프레스,99.6,-0.3806,-0.4254,날개쉬기|스텔스록|날려버리기|바디프레스,날개쉬기|스텔스록|날려버리기|바디프레스,7.1,58.1
클레스퍼트라,특수,0,1,루미나콜리전,에스퍼,특,93.6,,고정,,,63.5,-0.3808,-0.3808,루미나콜리전|방어|배턴터치|매지컬샤인,루미나콜리전|방어|배턴터치|섀도볼,2.9,55.7
클레스퍼트라,특수,0,2,방어,노말,변,87.8,모델 밖,유지,,,0,-0.3808,-0.3808,루미나콜리전|방어|배턴터치|매지컬샤인,루미나콜리전|방어|배턴터치|섀도볼,2.9,55.7
클레스퍼트라,특수,0,3,배턴터치,노말,변,60.3,모델 밖,유지,,,0,-0.3808,-0.3808,루미나콜리전|방어|배턴터치|매지컬샤인,루미나콜리전|방어|배턴터치|섀도볼,2.9,55.7
클레스퍼트라,특수,0,4,매지컬샤인,페어리,특,51.7,,선택,0.0147,섀도볼,36.1,-0.3808,-0.3808,루미나콜리전|방어|배턴터치|매지컬샤인,루미나콜리전|방어|배턴터치|섀도볼,2.9,55.7
창파나이트,물리,0,1,스타어설트,격투,물,91,,고정,,,76.2,-0.1152,-0.2132,스타어설트|리프블레이드|만나자마자|인파이트,스타어설트|리프블레이드|만나자마자|전광석화,15.1,24.2
창파나이트,물리,0,2,리프블레이드,풀,물,89.9,,고정,,,11.4,-0.1152,-0.2132,스타어설트|리프블레이드|만나자마자|인파이트,스타어설트|리프블레이드|만나자마자|전광석화,15.1,24.2
창파나이트,물리,0,3,깜짝베기,악,물,35.1,,바꿈,0.039,만나자마자,12.3,-0.1152,-0.2132,스타어설트|리프블레이드|만나자마자|인파이트,스타어설트|리프블레이드|만나자마자|전광석화,15.1,24.2
창파나이트,물리,0,4,전광석화,노말,물,23.5,선공,바꿈,0.0582,만나자마자,0,-0.1152,-0.2132,스타어설트|리프블레이드|만나자마자|인파이트,스타어설트|리프블레이드|만나자마자|전광석화,15.1,24.2
우츠보트,특수,1,1,힘흡수,풀,변,100,회복,유지,,,0,-0.1852,-0.1852,힘흡수|기가드레인|기습|오물폭탄,,23.6,53.3
우츠보트,특수,1,2,기가드레인,풀,특,88.6,,고정,,,28.8,-0.1852,-0.1852,힘흡수|기가드레인|기습|오물폭탄,,23.6,53.3
우츠보트,특수,1,3,기습,악,물,81.3,선공,고정,,,23.4,-0.1852,-0.1852,힘흡수|기가드레인|기습|오물폭탄,,23.6,53.3
우츠보트,특수,1,4,오물폭탄,독,특,67.6,,선택,0.1205,,47.7,-0.1852,-0.1852,힘흡수|기가드레인|기습|오물폭탄,,23.6,53.3
가라르야도킹,특수,0,1,게으름피우기,노말,변,66.4,회복,유지,,,0,-0.4264,-0.5585,게으름피우기|화염방사|썰렁개그|맹독,게으름피우기|썰렁개그|맹독|사이코키네시스,12.9,72
가라르야도킹,특수,0,2,썰렁개그,얼음,변,55.7,모델 밖,유지,,,0,-0.4264,-0.5585,게으름피우기|화염방사|썰렁개그|맹독,게으름피우기|썰렁개그|맹독|사이코키네시스,12.9,72
가라르야도킹,특수,0,3,맹독,독,변,51.1,모델 밖,유지,,,0,-0.4264,-0.5585,게으름피우기|화염방사|썰렁개그|맹독,게으름피우기|썰렁개그|맹독|사이코키네시스,12.9,72
가라르야도킹,특수,0,4,오물폭탄,독,특,45.2,,바꿈,0.0409,사이코키네시스,79.2,-0.4264,-0.5585,게으름피우기|화염방사|썰렁개그|맹독,게으름피우기|썰렁개그|맹독|사이코키네시스,12.9,72
깜까미,물리,0,1,속임수,악,물,78.7,,고정,,,99.7,-0.6292,-0.6292,속임수|앙코르|도깨비불|빛의장막,,0.8,81.9
깜까미,물리,0,2,앙코르,노말,변,73.1,모델 밖,유지,,,0,-0.6292,-0.6292,속임수|앙코르|도깨비불|빛의장막,,0.8,81.9
깜까미,물리,0,3,도깨비불,불꽃,변,67.5,모델 밖,유지,,,0,-0.6292,-0.6292,속임수|앙코르|도깨비불|빛의장막,,0.8,81.9
깜까미,물리,0,4,빛의장막,에스퍼,변,55.2,모델 밖,유지,,,0,-0.6292,-0.6292,속임수|앙코르|도깨비불|빛의장막,,0.8,81.9
엘풍,특수,0,1,문포스,페어리,특,98.5,,고정,,,99.4,-0.369,-0.369,문포스|앙코르|순풍|씨뿌리기,,9.5,59.8
엘풍,특수,0,2,앙코르,노말,변,80.2,모델 밖,유지,,,0,-0.369,-0.369,문포스|앙코르|순풍|씨뿌리기,,9.5,59.8
엘풍,특수,0,3,순풍,비행,변,54.2,모델 밖,유지,,,0,-0.369,-0.369,문포스|앙코르|순풍|씨뿌리기,,9.5,59.8
엘풍,특수,0,4,씨뿌리기,풀,변,41,모델 밖,유지,,,0,-0.369,-0.369,문포스|앙코르|순풍|씨뿌리기,,9.5,59.8
저승갓숭,물리,0,1,분노의주먹,고스트,물,100,,고정,,,46.5,-0.2203,-0.2203,분노의주먹|드레인펀치|벌크업|도발,,14.1,41.3
저승갓숭,물리,0,2,드레인펀치,격투,물,89.4,,고정,,,53.1,-0.2203,-0.2203,분노의주먹|드레인펀치|벌크업|도발,,14.1,41.3
저승갓숭,물리,0,3,벌크업,격투,변,79.6,쌓기,고정,,,0,-0.2203,-0.2203,분노의주먹|드레인펀치|벌크업|도발,,14.1,41.3
저승갓숭,물리,0,4,도발,악,변,70.4,모델 밖,유지,,,0,-0.2203,-0.2203,분노의주먹|드레인펀치|벌크업|도발,,14.1,41.3
스트린더(하이),특수,0,1,오버드라이브,전기,특,100,,고정,,,39,-0.2824,-0.2824,오버드라이브|폭음파|오물웨이브|볼부비부비,오버드라이브|폭음파|볼부비부비|사이코노이즈,17.6,51.7
스트린더(하이),특수,0,2,폭음파,노말,특,96,,고정,,,18.8,-0.2824,-0.2824,오버드라이브|폭음파|오물웨이브|볼부비부비,오버드라이브|폭음파|볼부비부비|사이코노이즈,17.6,51.7
스트린더(하이),특수,0,3,볼부비부비,전기,물,42.7,효과,유지,,,0,-0.2824,-0.2824,오버드라이브|폭음파|오물웨이브|볼부비부비,오버드라이브|폭음파|볼부비부비|사이코노이즈,17.6,51.7
스트린더(하이),특수,0,4,오물웨이브,독,특,55.3,,선택,0.0306,사이코노이즈,41.8,-0.2824,-0.2824,오버드라이브|폭음파|오물웨이브|볼부비부비,오버드라이브|폭음파|볼부비부비|사이코노이즈,17.6,51.7
샤미드,물리,0,1,희망사항,노말,변,87.7,회복,유지,,,0,-0.6021,-0.6021,희망사항|퀵턴|하품|방어,,1.3,87.4
샤미드,물리,0,2,퀵턴,물,물,75.9,교체,유지,,,99.8,-0.6021,-0.6021,희망사항|퀵턴|하품|방어,,1.3,87.4
샤미드,물리,0,3,하품,노말,변,67.8,모델 밖,유지,,,0,-0.6021,-0.6021,희망사항|퀵턴|하품|방어,,1.3,87.4
샤미드,물리,0,4,방어,노말,변,66.9,모델 밖,유지,,,0,-0.6021,-0.6021,희망사항|퀵턴|하품|방어,,1.3,87.4
사마자르,물리,0,1,암석액스,바위,물,100,,고정,,,32.7,-0.2316,-0.2316,암석액스|시저크로스|인파이트|깜짝베기,암석액스|시저크로스|인파이트|유턴,6.7,38.6
사마자르,물리,0,2,시저크로스,벌레,물,75.8,,고정,,,32.4,-0.2316,-0.2316,암석액스|시저크로스|인파이트|깜짝베기,암석액스|시저크로스|인파이트|유턴,6.7,38.6
사마자르,물리,0,3,인파이트,격투,물,67.9,,선택,0.0903,유턴,22.7,-0.2316,-0.2316,암석액스|시저크로스|인파이트|깜짝베기,암석액스|시저크로스|인파이트|유턴,6.7,38.6
사마자르,물리,0,4,깜짝베기,악,물,49.7,,선택,0.0347,유턴,12,-0.2316,-0.2316,암석액스|시저크로스|인파이트|깜짝베기,암석액스|시저크로스|인파이트|유턴,6.7,38.6
인텔리레온,특수,0,1,노려맞히기,물,특,100,,고정,,,65.7,-0.112,-0.112,노려맞히기|냉동빔|진공파|기충전,노려맞히기|냉동빔|기충전|악의파동,4.3,19.9
인텔리레온,특수,0,2,냉동빔,얼음,특,98.5,,고정,,,28.9,-0.112,-0.112,노려맞히기|냉동빔|진공파|기충전,노려맞히기|냉동빔|기충전|악의파동,4.3,19.9
인텔리레온,특수,0,3,기충전,노말,변,57.9,모델 밖,유지,,,0,-0.112,-0.112,노려맞히기|냉동빔|진공파|기충전,노려맞히기|냉동빔|기충전|악의파동,4.3,19.9
인텔리레온,특수,0,4,진공파,격투,특,58.5,선공,선택,0.001,악의파동,5,-0.112,-0.112,노려맞히기|냉동빔|진공파|기충전,노려맞히기|냉동빔|기충전|악의파동,4.3,19.9
깨비물거미,물리,0,1,끈적끈적네트,벌레,변,97.6,모델 밖,유지,,,0,-0.3904,-0.5193,끈적끈적네트|미러코트|아쿠아브레이크|파도타기,끈적끈적네트|미러코트|아쿠아브레이크|덤벼들기,10.3,59.3
깨비물거미,물리,0,2,미러코트,에스퍼,특,86.4,모델 밖,유지,,,0,-0.3904,-0.5193,끈적끈적네트|미러코트|아쿠아브레이크|파도타기,끈적끈적네트|미러코트|아쿠아브레이크|덤벼들기,10.3,59.3
깨비물거미,물리,0,3,아쿠아브레이크,물,물,79.2,,고정,,,80.5,-0.3904,-0.5193,끈적끈적네트|미러코트|아쿠아브레이크|파도타기,끈적끈적네트|미러코트|아쿠아브레이크|덤벼들기,10.3,59.3
깨비물거미,물리,0,4,흡혈,벌레,물,30.3,,바꿈,0,덤벼들기,19.2,-0.3904,-0.5193,끈적끈적네트|미러코트|아쿠아브레이크|파도타기,끈적끈적네트|미러코트|아쿠아브레이크|덤벼들기,10.3,59.3
가디안,특수,1,1,진공파,격투,특,89.9,선공,고정,,,2,0.1691,0.1132,진공파|하이퍼보이스|문포스|사이코키네시스,진공파|하이퍼보이스|매지컬플레임|사이코쇼크,29.6,9.3
가디안,특수,1,2,하이퍼보이스,노말,특,64.6,,선택,0.0332,문포스,68.3,0.1691,0.1132,진공파|하이퍼보이스|문포스|사이코키네시스,진공파|하이퍼보이스|매지컬플레임|사이코쇼크,29.6,9.3
가디안,특수,1,3,사이코키네시스,에스퍼,특,39.4,,선택,0.0111,사이코쇼크,15.9,0.1691,0.1132,진공파|하이퍼보이스|문포스|사이코키네시스,진공파|하이퍼보이스|매지컬플레임|사이코쇼크,29.6,9.3
가디안,특수,1,4,매지컬플레임,불꽃,특,30.3,,바꿈,0.0224,10만볼트,13.3,0.1691,0.1132,진공파|하이퍼보이스|문포스|사이코키네시스,진공파|하이퍼보이스|매지컬플레임|사이코쇼크,29.6,9.3
왕구리,특수,0,1,냉동빔,얼음,특,80.5,,고정,,,77.5,-0.5755,-0.5755,냉동빔|웨더볼|앙코르|멸망의노래,,0.8,83.1
왕구리,특수,0,2,웨더볼,노말,특,80.5,,고정,,,22.1,-0.5755,-0.5755,냉동빔|웨더볼|앙코르|멸망의노래,,0.8,83.1
왕구리,특수,0,3,앙코르,노말,변,54.6,모델 밖,유지,,,0,-0.5755,-0.5755,냉동빔|웨더볼|앙코르|멸망의노래,,0.8,83.1
왕구리,특수,0,4,멸망의노래,노말,변,42.4,모델 밖,유지,,,0,-0.5755,-0.5755,냉동빔|웨더볼|앙코르|멸망의노래,,0.8,83.1
엘레이드,물리,0,1,성스러운칼,격투,물,100,,고정,,,40.4,-0.1766,-0.2184,성스러운칼|사이코커터|리프블레이드|야습,성스러운칼|사이코커터|리프블레이드|야습,14.2,29.2
엘레이드,물리,0,2,사이코커터,에스퍼,물,92,,고정,,,12.2,-0.1766,-0.2184,성스러운칼|사이코커터|리프블레이드|야습,성스러운칼|사이코커터|리프블레이드|야습,14.2,29.2
엘레이드,물리,0,3,리프블레이드,풀,물,86.2,,고정,,,10.6,-0.1766,-0.2184,성스러운칼|사이코커터|리프블레이드|야습,성스러운칼|사이코커터|리프블레이드|야습,14.2,29.2
엘레이드,물리,0,4,트리플악셀,얼음,물,19.8,,바꿈,0.0419,야습,36.5,-0.1766,-0.2184,성스러운칼|사이코커터|리프블레이드|야습,성스러운칼|사이코커터|리프블레이드|야습,14.2,29.2
브리무음,특수,0,1,트릭룸,에스퍼,변,74.4,모델 밖,유지,,,0,-0.3149,-0.3743,트릭룸|매지컬플레임|사이코키네시스|드레인키스,트릭룸|사이코키네시스|매지컬샤인|기가드레인,3.7,41
브리무음,특수,0,2,매지컬플레임,불꽃,특,66.5,,선택,0.0253,기가드레인,20.3,-0.3149,-0.3743,트릭룸|매지컬플레임|사이코키네시스|드레인키스,트릭룸|사이코키네시스|매지컬샤인|기가드레인,3.7,41
브리무음,특수,0,3,사이코키네시스,에스퍼,특,51.4,,선택,0.035,사이코노이즈,48.3,-0.3149,-0.3743,트릭룸|매지컬플레임|사이코키네시스|드레인키스,트릭룸|사이코키네시스|매지컬샤인|기가드레인,3.7,41
브리무음,특수,0,4,매지컬샤인,페어리,특,29.9,,바꿈,0.0594,드레인키스,31.4,-0.3149,-0.3743,트릭룸|매지컬플레임|사이코키네시스|드레인키스,트릭룸|사이코키네시스|매지컬샤인|기가드레인,3.7,41
눈여아,특수,1,1,눈보라,얼음,특,100,,고정,,,60.8,0.1045,0.0956,눈보라|섀도볼|10만볼트|오로라베일,눈보라|섀도볼|오로라베일|10만볼트,21.1,9.3
눈여아,특수,1,2,섀도볼,고스트,특,90.9,,고정,,,39,0.1045,0.0956,눈보라|섀도볼|10만볼트|오로라베일,눈보라|섀도볼|오로라베일|10만볼트,21.1,9.3
눈여아,특수,1,3,오로라베일,얼음,변,44.3,모델 밖,유지,,,0,0.1045,0.0956,눈보라|섀도볼|10만볼트|오로라베일,눈보라|섀도볼|오로라베일|10만볼트,21.1,9.3
눈여아,특수,1,4,얼음뭉치,얼음,물,43.8,선공,바꿈,0.0089,10만볼트,0,0.1045,0.0956,눈보라|섀도볼|10만볼트|오로라베일,눈보라|섀도볼|오로라베일|10만볼트,21.1,9.3
어흥염,물리,0,1,막말내뱉기,악,변,92.2,모델 밖,유지,,,0,-0.2196,-0.2196,막말내뱉기|플레어드라이브|DD래리어트|도깨비불,,8.1,37.9
어흥염,물리,0,2,플레어드라이브,불꽃,물,86.1,,고정,,,63.3,-0.2196,-0.2196,막말내뱉기|플레어드라이브|DD래리어트|도깨비불,,8.1,37.9
어흥염,물리,0,3,DD래리어트,악,물,82.4,,고정,,,36,-0.2196,-0.2196,막말내뱉기|플레어드라이브|DD래리어트|도깨비불,,8.1,37.9
어흥염,물리,0,4,도깨비불,불꽃,변,44.6,모델 밖,유지,,,0,-0.2196,-0.2196,막말내뱉기|플레어드라이브|DD래리어트|도깨비불,,8.1,37.9
마릴리,물리,0,1,아쿠아제트,물,물,99.6,선공,고정,,,0,0.0134,0.0134,아쿠아제트|치근거리기|아쿠아브레이크|배북,아쿠아제트|치근거리기|배북|엄청난힘,24.5,25.8
마릴리,물리,0,2,치근거리기,페어리,물,96.8,,고정,,,68.5,0.0134,0.0134,아쿠아제트|치근거리기|아쿠아브레이크|배북,아쿠아제트|치근거리기|배북|엄청난힘,24.5,25.8
마릴리,물리,0,3,아쿠아브레이크,물,물,66.5,,선택,0.0308,엄청난힘,31.4,0.0134,0.0134,아쿠아제트|치근거리기|아쿠아브레이크|배북,아쿠아제트|치근거리기|배북|엄청난힘,24.5,25.8
마릴리,물리,0,4,배북,노말,변,59.8,쌓기,선택,0.3055,엄청난힘,0,0.0134,0.0134,아쿠아제트|치근거리기|아쿠아브레이크|배북,아쿠아제트|치근거리기|배북|엄청난힘,24.5,25.8
올리르바,특수,0,1,기가드레인,풀,특,84.3,,고정,,,62.8,-0.3457,-0.3457,기가드레인|대지의힘|힘흡수|씨뿌리기,기가드레인|힘흡수|씨뿌리기|매혹의보이스,8,60.8
올리르바,특수,0,2,힘흡수,풀,변,59.9,회복,유지,,,0,-0.3457,-0.3457,기가드레인|대지의힘|힘흡수|씨뿌리기,기가드레인|힘흡수|씨뿌리기|매혹의보이스,8,60.8
올리르바,특수,0,3,씨뿌리기,풀,변,55.7,모델 밖,유지,,,0,-0.3457,-0.3457,기가드레인|대지의힘|힘흡수|씨뿌리기,기가드레인|힘흡수|씨뿌리기|매혹의보이스,8,60.8
올리르바,특수,0,4,대지의힘,땅,특,66.6,,선택,0.0634,매혹의보이스,36.9,-0.3457,-0.3457,기가드레인|대지의힘|힘흡수|씨뿌리기,기가드레인|힘흡수|씨뿌리기|매혹의보이스,8,60.8
스트린더(로우),특수,0,1,오버드라이브,전기,특,100,,고정,,,39,-0.2813,-0.2813,오버드라이브|폭음파|오물웨이브|볼부비부비,오버드라이브|폭음파|볼부비부비|오물폭탄,17.6,51.7
스트린더(로우),특수,0,2,폭음파,노말,특,93.1,,고정,,,18.9,-0.2813,-0.2813,오버드라이브|폭음파|오물웨이브|볼부비부비,오버드라이브|폭음파|볼부비부비|오물폭탄,17.6,51.7
스트린더(로우),특수,0,3,볼부비부비,전기,물,34.3,효과,유지,,,0,-0.2813,-0.2813,오버드라이브|폭음파|오물웨이브|볼부비부비,오버드라이브|폭음파|볼부비부비|오물폭탄,17.6,51.7
스트린더(로우),특수,0,4,오물웨이브,독,특,47.4,,선택,0.0019,오물폭탄,41.8,-0.2813,-0.2813,오버드라이브|폭음파|오물웨이브|볼부비부비,오버드라이브|폭음파|볼부비부비|오물폭탄,17.6,51.7
펜드라,물리,0,1,배턴터치,노말,변,50.2,모델 밖,유지,,,0,-0.0639,-0.2004,칼춤|지진|흡혈|배턴터치,배턴터치|지진|흡혈|더스트슈트,19.4,29.8
펜드라,물리,0,2,칼춤,노말,변,66.7,쌓기,선택,0.0015,흡혈,0,-0.0639,-0.2004,칼춤|지진|흡혈|배턴터치,배턴터치|지진|흡혈|더스트슈트,19.4,29.8
펜드라,물리,0,3,지진,땅,물,63.2,,선택,0.1264,흡혈,48.6,-0.0639,-0.2004,칼춤|지진|흡혈|배턴터치,배턴터치|지진|흡혈|더스트슈트,19.4,29.8
펜드라,물리,0,4,더스트슈트,독,물,18.8,,바꿈,0.1052,독찌르기,48.5,-0.0639,-0.2004,칼춤|지진|흡혈|배턴터치,배턴터치|지진|흡혈|더스트슈트,19.4,29.8
화염레오,특수,1,1,화염방사,불꽃,특,100,,고정,,,60.1,-0.0191,-0.0191,화염방사|오버히트|하품|방어,,34.9,37.8
화염레오,특수,1,2,오버히트,불꽃,특,88.7,한방,고정,,,39.6,-0.0191,-0.0191,화염방사|오버히트|하품|방어,,34.9,37.8
화염레오,특수,1,3,하품,노말,변,69.3,모델 밖,유지,,,0,-0.0191,-0.0191,화염방사|오버히트|하품|방어,,34.9,37.8
화염레오,특수,1,4,방어,노말,변,43.8,모델 밖,유지,,,0,-0.0191,-0.0191,화염방사|오버히트|하품|방어,,34.9,37.8
윈디(히스이),물리,0,1,플레어드라이브,불꽃,물,100,,고정,,,26,-0.1301,-0.1744,플레어드라이브|양날박치기|신속|와일드볼트,플레어드라이브|양날박치기|신속|와일드볼트,7.7,28.5
윈디(히스이),물리,0,2,양날박치기,바위,물,97.6,,고정,,,50.4,-0.1301,-0.1744,플레어드라이브|양날박치기|신속|와일드볼트,플레어드라이브|양날박치기|신속|와일드볼트,7.7,28.5
윈디(히스이),물리,0,3,신속,노말,물,72.5,선공,고정,,,0,-0.1301,-0.1744,플레어드라이브|양날박치기|신속|와일드볼트,플레어드라이브|양날박치기|신속|와일드볼트,7.7,28.5
윈디(히스이),물리,0,4,인파이트,격투,물,35.3,,바꿈,0.0443,와일드볼트,23.5,-0.1301,-0.1744,플레어드라이브|양날박치기|신속|와일드볼트,플레어드라이브|양날박치기|신속|와일드볼트,7.7,28.5
캥카,물리,1,1,지진,땅,물,79,,고정,,,60.5,0.12,0.12,지진|냉동펀치|기습|속이기,지진|냉동펀치|속이기|누르기,19.2,12.2
캥카,물리,1,2,냉동펀치,얼음,물,71,,고정,,,30.9,0.12,0.12,지진|냉동펀치|기습|속이기,지진|냉동펀치|속이기|누르기,19.2,12.2
캥카,물리,1,3,속이기,노말,물,60.9,효과,유지,,,0,0.12,0.12,지진|냉동펀치|기습|속이기,지진|냉동펀치|속이기|누르기,19.2,12.2
캥카,물리,1,4,기습,악,물,65.3,선공,선택,0.0031,누르기,7.8,0.12,0.12,지진|냉동펀치|기습|속이기,지진|냉동펀치|속이기|누르기,19.2,12.2
꿈트렁,물리,0,1,꼬리자르기,노말,변,94,모델 밖,유지,,,0,-0.292,-0.292,꼬리자르기|바디프레스|스텔스록|헤비봄버,,20.7,57.2
꿈트렁,물리,0,2,바디프레스,격투,물,86,,고정,,,37.2,-0.292,-0.292,꼬리자르기|바디프레스|스텔스록|헤비봄버,,20.7,57.2
꿈트렁,물리,0,3,스텔스록,바위,변,68.6,모델 밖,유지,,,0,-0.292,-0.292,꼬리자르기|바디프레스|스텔스록|헤비봄버,,20.7,57.2
꿈트렁,물리,0,4,헤비봄버,강철,물,47.5,,선택,0.1811,,62.5,-0.292,-0.292,꼬리자르기|바디프레스|스텔스록|헤비봄버,,20.7,57.2
에써르(암컷),특수,0,1,매지컬플레임,불꽃,특,73.4,,고정,,,37.9,-0.3912,-0.3912,매지컬플레임|치유소원|사이코키네시스|트릭룸,,4.5,58.4
에써르(암컷),특수,0,2,치유소원,에스퍼,변,68.3,모델 밖,유지,,,0,-0.3912,-0.3912,매지컬플레임|치유소원|사이코키네시스|트릭룸,,4.5,58.4
에써르(암컷),특수,0,3,트릭룸,에스퍼,변,54.9,모델 밖,유지,,,0,-0.3912,-0.3912,매지컬플레임|치유소원|사이코키네시스|트릭룸,,4.5,58.4
에써르(암컷),특수,0,4,사이코키네시스,에스퍼,특,54.9,,선택,0.1304,매혹의보이스,61.9,-0.3912,-0.3912,매지컬플레임|치유소원|사이코키네시스|트릭룸,,4.5,58.4
후딘,특수,0,1,사이코키네시스,에스퍼,특,89.6,,고정,,,50.6,-0.0794,-0.0933,사이코키네시스|섀도볼|매지컬샤인|기합구슬,사이코키네시스|섀도볼|기합구슬|에너지볼,9,14.6
후딘,특수,0,2,섀도볼,고스트,특,64.2,,선택,0.0385,에너지볼,19.2,-0.0794,-0.0933,사이코키네시스|섀도볼|매지컬샤인|기합구슬,사이코키네시스|섀도볼|기합구슬|에너지볼,9,14.6
후딘,특수,0,3,기합구슬,격투,특,55.9,,선택,0.0628,매지컬샤인,29.9,-0.0794,-0.0933,사이코키네시스|섀도볼|매지컬샤인|기합구슬,사이코키네시스|섀도볼|기합구슬|에너지볼,9,14.6
후딘,특수,0,4,나쁜음모,악,변,40.8,쌓기,바꿈,0.0037,에너지볼,0,-0.0794,-0.0933,사이코키네시스|섀도볼|매지컬샤인|기합구슬,사이코키네시스|섀도볼|기합구슬|에너지볼,9,14.6
드래캄,특수,1,1,용성군,드래곤,특,96.5,한방,고정,,,69.5,-0.0589,-0.0589,용성군|퀵턴|맹독|오물웨이브,용성군|퀵턴|맹독|오물폭탄,27.8,28.4
드래캄,특수,1,2,퀵턴,물,물,95,교체,유지,,,6.3,-0.0589,-0.0589,용성군|퀵턴|맹독|오물웨이브,용성군|퀵턴|맹독|오물폭탄,27.8,28.4
드래캄,특수,1,3,맹독,독,변,56.9,모델 밖,유지,,,0,-0.0589,-0.0589,용성군|퀵턴|맹독|오물웨이브,용성군|퀵턴|맹독|오물폭탄,27.8,28.4
드래캄,특수,1,4,오물웨이브,독,특,38.9,,선택,0.0097,오물폭탄,23.6,-0.0589,-0.0589,용성군|퀵턴|맹독|오물웨이브,용성군|퀵턴|맹독|오물폭탄,27.8,28.4